DVD_FB_1,0004.2132,0004.2531,clap
DVD_FB_1,0011.7667,0012.8341,non ça_va c'est bon
DVD_FB_1,0021.3246,0021.7914,d'accord
DVD_FB_1,0027.9378,0028.2551,ok
DVD_FB_1,0028.7563,0029.0858,parfait
DVD_FB_1,0035.1621,0035.6319,ok
DVD_FB_1,0038.1438,0041.9126,@ tu as vu lesquels dans ceux là
DVD_FB_1,0044.6520,0046.7066,celui là ouais pareil je l' ai vu celui là je l' ai vu aussi
DVD_FB_1,0048.8654,0049.2974,il est bien
DVD_FB_1,0051.1206,0052.0689,ça me dit rien ça
DVD_FB_1,0053.3725,0056.2962,ça me dit rien du_tout ouais d'accord une guerrière vampire ok *
DVD_FB_1,0059.4335,0059.9828,et quoi
DVD_FB_1,0061.3774,0063.8787,ah oui des loups garou ouais tu as raison
DVD_FB_1,0067.9747,0070.1268,moi j' ai du mal avec tout ce qui est vampire et celui là tu as aimé
DVD_FB_1,0071.4520,0077.6387,sérieux m- moi je sais pas il m' a pas tellement fait rire en_fait il_y avait des trucs qui étaient drôles et d'autres je m' attendais à plus de euh
DVD_FB_1,0078.2415,0079.8323,de choses comiques de tous les deux en_fait
DVD_FB_1,0082.7156,0083.3794,d'accord
DVD_FB_1,0084.0650,0084.3884,ouais
DVD_FB_1,0087.3294,0089.8819,ah j' en ai vu aucun mais ça me tente pas non_plus ouais
DVD_FB_1,0090.1656,0090.8491,tu as quoi d'autre toi
DVD_FB_1,0091.1603,0091.7338,c'est quoi ça
DVD_FB_1,0094.6766,0096.0334,je connais le titre mais je l' ai jamais vu
DVD_FB_1,0101.7262,0102.6598,@ montre
DVD_FB_1,0105.3080,0106.2700,euh ouais je pense hein
DVD_FB_1,0109.2791,0111.6933,ça me dit rien ça enfin je l' ai vraiment pas vu quoi k-
DVD_FB_1,0117.6231,0118.4988,mh mh
DVD_FB_1,0125.8634,0127.4378,mh ça a l' air d'être un film un_peu
DVD_FB_1,0127.8221,0128.8786,* un_peu comique quoi
DVD_FB_1,0129.9953,0130.9670,et les autres je connais pas
DVD_FB_1,0134.0060,0135.1410,putain mais c'est lequel celui là
DVD_FB_1,0136.6574,0137.3987,mais grave
DVD_FB_1,0140.4867,0141.4444,c'est un vieux ça
DVD_FB_1,0145.9144,0148.9480,euh je connais pas le nom d' acteur je suis nul en nom d' acteur attends
DVD_FB_1,0149.2714,0152.7694,* a été le premier james_bond à très gros budget na na na
DVD_FB_1,0153.7720,0154.6734,roger moore
DVD_FB_1,0155.4391,0160.9876,et l'imper- l' inquiétant acteur franco britanique na na na * ouais
DVD_FB_1,0165.5802,0167.4971,et lui il est bien franchement il est super ouais
DVD_FB_1,0168.7214,0171.7027,c'est un univers assez particulier c'est un_peu fantastique mais il est franchement pas mal
DVD_FB_1,0172.6236,0173.7018,et ça c'est quoi ce truc
DVD_FB_1,0175.4345,0177.2994,chassés croisés meurtrier pour un enfant
DVD_FB_1,0181.4413,0183.0736,ça te dit quelque_chose toi parce_que
DVD_FB_1,0183.8947,0185.4146,daredevil je l' ai jamais vu par_contre
DVD_FB_1,0198.9614,0199.3092,tu crois
DVD_FB_1,0202.7433,0203.8203,ben met le de ton côté
DVD_FB_1,0204.2505,0205.4221,moi je pense pas que ça me
DVD_FB_1,0205.7363,0206.6229,que ça me dise plus que ça
DVD_FB_1,0214.7800,0216.9247,daredevil de nom je connais mais j' ai jamais vu
DVD_FB_1,0223.6425,0223.8621,mh
DVD_FB_1,0227.5394,0229.4190,il est connu pourtant comme film mais
DVD_FB_1,0229.9079,0233.7720,je l' ai pas vu ouais franchement ouais mais je suis sûre que je l' ai entendu dans pas mal de références mais euh *
DVD_FB_1,0234.4494,0235.1800,je l' ai jamais regardé
DVD_FB_1,0242.3808,0257.9726,mh @ ouais si tu veux mais euh je pense_que je le laisserai je suis pas du_tout ben euh comme toi hein films d' horreur ça faisait partie des trucs que j' aime le moins quoi
DVD_FB_1,0260.0816,0263.5881,et en_plus mais il en ont fait je sais pas combien des destination finale je vois pas pourquoi
DVD_FB_1,0264.0732,0265.2692,j- je vois pas l' interêt en_fait
DVD_FB_1,0266.5331,0269.2036,je crois qu' à chaque_fois c'est un_peu les même scénarios enfin *
DVD_FB_1,0274.6147,0279.3508,ah mais moi c'est pas la nuit j' ai pendant cinq ans après je voyais j' avais des images alors je préfère éviter tu vois
DVD_FB_1,0280.3534,0282.2928,ouais ouais ouais ben genre attends c' était quoi
DVD_FB_1,0283.0680,0284.4654,the ring le deuxième
DVD_FB_1,0286.3960,0289.9473,tu sais c'est le truc où tu as @ il est débile aussi ce film pourtant
DVD_FB_1,0290.4760,0295.5994,c'est où tu as une gamine qui est enfermée en gros dans ton écran télé et euh en_fait elle monte un puits
DVD_FB_1,0296.0601,0297.8694,de façon un_peu désarticulée comme ça
DVD_FB_1,0298.8387,0305.3499,mais euh mais j' ai pas enfin puis il est juste horrible à_un_moment_donné tu as le ga- tu as un gamin qui euh qui est tout seul dans son bain et elle elle arrive tu vois
DVD_FB_1,0306.0547,0311.1210,et en_fait je sais pas après j' ai eu du mal à prendre un bain je me suis imaginé qu' elle arrivait tout_le_temps sur ma gueule et ça passait pas tu vois
DVD_FB_1,0313.7294,0314.6550,mais c'est_ça le truc
DVD_FB_1,0316.4974,0321.3261,ouais voilà mais dès_que t' es dans le noir ou que ton imaginaire il est vachement développé ben tu vois que ça quoi
DVD_FB_1,0325.6938,0325.9806,ouais
DVD_FB_1,0332.6091,0332.9361,ouais
DVD_FB_1,0336.6983,0338.4108,@
DVD_FB_1,0342.7427,0343.4588,@
DVD_FB_1,0345.5914,0347.1747,mais regarde un dessin_animé après hein
DVD_FB_1,0350.0995,0353.6151,@
DVD_FB_1,0355.1833,0359.7523,@
DVD_FB_1,0361.6600,0363.7614,ouais il_y en a qui sont bien ouais ils font pas
DVD_FB_1,0364.9682,0368.9048,* puis en_plus mais des fois les scénarios c'est même_pas travaillé enfin euh ça te fait f-
DVD_FB_1,0369.5120,0378.1134,ben oui puisque rien que les la maison tu sais c'est toujours le même cinéma tu vois tu as toujours euh une partie de jeunes qui s'en vont dans un endroit où tu te dis mais jamais toi tu irais tu vois tu fais mais
DVD_FB_1,0378.7907,0382.8056,pourquoi tu tu vas là-bas @ et il se passe toujours les mêmes trucs enfin *
DVD_FB_1,0383.7560,0385.1283,c'est même_pas forcément recherché
DVD_FB_1,0385.4273,0391.5839,après stephen king tout_ça des fois c'est un_peu terrifiant mais au_moins il_y_a quelque_chose derrière quoi mais * sinon les autres c'est pas du_tout mon truc quoi
DVD_FB_1,0393.9374,0394.6147,ben c'est_ça hein
DVD_FB_1,0395.1320,0395.7934,mais bon
DVD_FB_1,0397.1983,0399.9970,quand apparemment euh ça c- comment ça s'appelle paranormal activity là
DVD_FB_1,0400.2990,0401.5694,où apparemment tu vois rien
DVD_FB_1,0402.1667,0407.0520,mais ça te fait quand_même peur quoi parce_que justement c'est ton imaginaire qui travaille et tu t' imagines plein_de choses
DVD_FB_1,0412.0885,0412.3661,ouais
DVD_FB_1,0414.6460,0424.1454,@ mais moi c'est_ça c'est qu' à chaque_fois que je regarde un film qui que j' aime pas ou qui me fait un_peu peur je regarde un dessin_animé derrière
DVD_FB_1,0424.5948,0427.9068,j' allume gulli hop @
DVD_FB_1,0428.4926,0429.6795,@
DVD_FB_1,0436.3694,0436.6131,ouais
DVD_FB_1,0437.4713,0438.0326,@
DVD_FB_1,0438.2920,0438.4231,ben
DVD_FB_1,0439.5054,0444.3713,autant aller te coucher sinon hein @ ouais
DVD_FB_1,0445.9214,0448.1249,non mais c'est paisible tu vois c'est débile mais
DVD_FB_1,0448.5276,0449.4763,@
DVD_FB_1,0453.9601,0454.2947,ah ouais
DVD_FB_1,0456.6763,0464.4619,puisque moi quand je regarde non c'est ceux un_peu de enfin c'est des trucs nuls d'ailleurs je sais pas si tu as déjà regardé tu as un un dessin_animé c'est des sushi
DVD_FB_1,0465.3400,0476.0958,tu as jamais regar- en_fait c'est dans un restaurant japonais c'est des sushi qui ri- qui parlent entre_eux et ils doivent ils doivent fuir tu sais l' espèce de chat qui fait tomber la patte là
DVD_FB_1,0477.0178,0479.6053,tu connais ce truc un_peu asiatique là qui porte chance
DVD_FB_1,0479.9805,0487.4214,ben sauf que là il est vivant et il veut les bouffer quoi @
DVD_FB_1,0488.4120,0493.1000,ah ouais non je sais pas j' ai pas fait gaffe enfin pas peut_être l' été ouais peut_être tant_que c'est un_peu leur trip mais
DVD_FB_1,0493.4924,0500.0895,mais là en ce moment non c'est_ça c'est kobushi l' histoire des shushi et @ normal
DVD_FB_1,0502.6360,0509.9621,ah moi c'est dès_que je rentre du travail j' allume guly après je me couche mais + je regarde d'abord guly quand je rentre @
DVD_FB_1,0510.6760,0512.2246,mais du_coup tu veux garder à peut près lesquels
DVD_FB_1,0515.0162,0517.0421,ouais ben de_toutes_façons moi je l' ai déjà vu donc celui là il_y_a pas de soucis
DVD_FB_1,0518.6325,0519.2061,mais lequel
DVD_FB_1,0520.3167,0520.6016,ouais
DVD_FB_1,0521.8430,0522.3403,j' ai peut_être
DVD_FB_1,0522.7369,0526.3899,on va peut_être garder celui là et avoir un bon vieux film euh franchouillard
DVD_FB_1,0526.7560,0528.5173,ça peut_être marrant h
DVD_FB_1,0529.6974,0531.1480,après non ça ça_va aller
DVD_FB_1,0535.1396,0535.4326,ouais
DVD_FB_1,0540.4501,0541.8015,ah parce_que il_y en a ah oui il_y en a plusieurs
DVD_FB_1,0542.5454,0544.8635,@
DVD_FB_1,0546.4238,0548.5481,mais enfin * ouais non ça ça m' attire pas tu vois
DVD_FB_1,0550.9092,0551.2095,ouais
DVD_FB_1,0553.2128,0553.5301,non
DVD_FB_1,0554.5240,0558.1347,mais alors euh * holywoo pourquoi pas le revoir ou daredevil ça peut êre pas mal
DVD_FB_1,0558.8184,0560.3640,celui là je m' en passerai mais
DVD_FB_1,0565.6925,0571.5788,ah ok ah non moi je l' avais vu au ciné mais du_coup pour enfin aller au ciné pour voir ça par_contre ça sert pas_à grand chose c'est_vrai qu' en c'est peut_être plus sympa
DVD_FB_1,0574.4116,0575.3363,parce_que non enfin
DVD_FB_1,0579.9594,0587.9800,ben après c'est_bien mais quand tu vois des trucs ou tu as les paysages qui sont vraiment assez assez beaux tu vois c'est mieux que sur ta télé ou quand c'est des films d' action après pour des films comiques euh
DVD_FB_1,0588.5291,0591.2260,ça peut_être sympa de_temps_en_temps mais * c'est pas
DVD_FB_1,0591.6481,0592.4574,c'est pas transcendant quoi
DVD_FB_1,0594.6664,0594.8739,mh
DVD_FB_1,0597.9196,0598.2164,@
DVD_FB_1,0602.3854,0603.4101,ah d'accord ouais
DVD_FB_1,0604.5827,0606.8677,ben après ça dépend desquels hein moi il_y en a j' ai du mal quoi
DVD_FB_1,0607.7027,0613.1960,puis après ça dépend des cinés puisque au cezanne enfin quoi que maintenant ils_ont fait des efforts ils les passent aussi en mais avant c' était que en
DVD_FB_1,0615.4520,0622.5603,ben après ça dépend et maintenant ils font plus d' horaires je trouve avant c' était vrai que c' était principalement tard et maintenant ils font des séances des fois aussi dans l' après_midi tu en a certains
DVD_FB_1,0623.6618,0624.4954,mais ah ouais
DVD_FB_1,0626.7936,0628.4107,ben dix sept heures encore ça passe tu vois
DVD_FB_1,0628.8325,0633.2014,* mais c'est déjà bien_qu' ils le fassent parce_qu' avant ben tu avais soit
DVD_FB_1,0634.0171,0636.5560,c'est_ça ben le renoir il_y_a des bons films hein mais euh
DVD_FB_1,0637.5396,0643.7989,ben des fois ils passent les films qu' ils passent au cezanne enfin avant quand c' était le cas les bons films genre harry potter et compagnie ils les passaient en au renoir
DVD_FB_1,0644.7694,0647.5342,mazarin c'est un_peu plus particulier c'est plus vraiment d'art et d' essai quand_même
DVD_FB_1,0647.8149,0650.4920,après il_y_a certains trucs qui sont enfin moi j' ai vu des films qui étaient bien mais
DVD_FB_1,0656.1894,0656.4334,ouais
DVD_FB_1,0658.1507,0658.8202,ouais exact
DVD_FB_1,0660.7698,0665.3080,ah je l' ai pas je les ai pas vus mais je sais plus qui c'est qui m' a dit que c' était bien mais quelqu'un de de notre fac d'ailleurs
DVD_FB_1,0665.9277,0667.1534,ouais qui m' a dit qu' elle avait bien aimé
DVD_FB_1,0670.1400,0671.6286,ah tu les as tu avais lu d'accord
DVD_FB_1,0673.5455,0673.8750,ouais
DVD_FB_1,0677.0123,0677.7354,c'est pas ton truc quoi
DVD_FB_1,0680.4120,0681.8627,ouais je sais pas j' ai pas vu mais
DVD_FB_1,0683.4120,0684.8067,ouais tu avais aimé twilight
DVD_FB_1,0687.5866,0690.4066,mais j' ai l' impression que ceux_qui ont vraiment aimé c'est ceux_qui ont vraiment lu les livres en_fait
DVD_FB_1,0690.6326,0692.6682,puisque apparrement c' était les livres étaient vraiment bien
DVD_FB_1,0694.2450,0694.5208,mh
DVD_FB_1,0696.2876,0699.6109,parce_que moi j' ai vu que le film mais c'est tellement cul cul que ça m' a gonflé quoi
DVD_FB_1,0700.5446,0700.9332,c'est
DVD_FB_1,0702.4067,0712.2003,ben non et_puis euh je trouve enfin d'après ce qu' on m' a dit ils l' ont rendu beaucoup_plus romanesque aussi dans le dans le film que c'est dans les livres en_fait tout le côté romantique et tout il c'est dans le livre mais moins que dans les films
DVD_FB_1,0713.4362,0719.5186,alors_que là ils_ont vraiment developpé ça puis alors je sais plus lequel c' était où il se passe rien en_fait pendant dans tout le film parce_que c'est ils l' ont séparé en deux parties je crois
DVD_FB_1,0722.9125,0723.3850,je crois
DVD_FB_1,0724.1720,0730.7091,et genre la première partie j' ai voulu la regarder par curiosité mais je crois que c'est juste euh il_y_a le loup garou et l' autre là qui a un ouais c'est_ça voilà
DVD_FB_1,0732.4765,0737.1054,ah je sais plus ouais peut_être mais enfin il_y en a un en_tout_cas j' ai regardé j' ai fait mais eug * il se passe rien quoi hein
DVD_FB_1,0738.6108,0739.0257,@
DVD_FB_1,0739.7880,0740.4654,ouais mais voilà
DVD_FB_1,0741.4840,0748.4467,euh je te dis enfin même moi je sais que dans mes amis ceux_qui ont vraiment aimé c'est ceux_qui ont lu le livre en me disant que le livre était tellement bien_que enfin ça fait comme harry potter quoi tu vois
DVD_FB_1,0749.2621,0749.7827,c'est euh
DVD_FB_1,0753.4734,0753.9374,sérieux
DVD_FB_1,0756.2414,0758.1987,ah mais c'est pour ça ouais moi j' avais déjà dix ans ouais
DVD_FB_1,0759.0218,0759.5526,exact
DVD_FB_1,0759.8639,0760.2523,parce_que
DVD_FB_1,0760.8685,0769.6920,parce_que nous on se battait euh mais je te jure au c' était genre et ben on avait tu sais c'est dans ta classe donc tu as quatre exemplaires qui se battent en duel mais c' était la mais la bagarre quoi je
DVD_FB_1,0770.4725,0770.9363,c'est
DVD_FB_1,0771.3573,0772.2940,@
DVD_FB_1,0774.5800,0780.1925,ouais oui exact ouais
DVD_FB_1,0784.9094,0785.2406,ouais
DVD_FB_1,0787.4106,0789.5494,en_plus ça fait envie normalement tu as trop envie de savoir
DVD_FB_1,0790.2481,0792.7966,@ ouais
DVD_FB_1,0794.3870,0803.5608,et moi je l' ai pas vu par_contre le tout dernier film harry potter j' ai lu le le livre du_coup mais j' ai absolument pas vu le dernier film faudrait que je le regarde enfin c'est un_peu débile je les ai tous vu sauf celui là quoi
DVD_FB_1,0803.9727,0804.3511,@
DVD_FB_1,0805.4738,0806.5791,ouais le tout dernier
DVD_FB_1,0807.4578,0814.5256,ah mais je pense_que j' essayerai de le voir quand_même enfin c'est un_peu débile d'avoir lu tout les livres tout les films sauf un enfin tu vois enfin @ c'est un_peu inachevé quoi
DVD_FB_1,0819.4730,0819.7689,ouais
DVD_FB_1,0820.9505,0821.4600,d'accord
DVD_FB_1,0826.2968,0826.6690,ouais
DVD_FB_1,0829.4898,0830.0521,d'accord
DVD_FB_1,0832.4981,0832.8894,mh
DVD_FB_1,0835.3567,0836.8413,mais celui là il est vraiment vieux quoi
DVD_FB_1,0838.9027,0839.5698,c'est je crois j' ai j' ai
DVD_FB_1,0839.8841,0844.8466,mais je crois que j' ai jamais vu un james_bond avec lui en_fait je je suis même_pas sûr de les avoir déjà regardés ou euh certains mais
DVD_FB_1,0847.6760,0850.1294,sérieux + ouais non j' en avais déjà vu avant mais
DVD_FB_1,0850.9614,0852.8725,mais je pense_que j' ai dû voir genre eu *
DVD_FB_1,0853.4725,0856.5560,je sais pas parce_que c'est comment il s'appelle déjà l' acteur maintenant qui joue james_bond j' ai oublié
DVD_FB_1,0857.8992,0858.0892,ouais
DVD_FB_1,0858.4292,0858.8190,c'est_ça
DVD_FB_1,0859.4491,0864.6858,et je crois que j' ai dû peut_être voir euh ouais le * ben non je crois même_pas je suis même_pas sûre d'avoir vu avec l' autre acteur
DVD_FB_1,0865.5218,0867.2440,je crois que j' ai commencé à les regarder avec daniel craig quoi
DVD_FB_1,0871.8200,0875.5574,ben c'est pas que ça craint c'est soit t' aimes soit t' aimes pas aussi enfin james_bond euh * c'est pareil quoi
DVD_FB_1,0878.0936,0878.4323,ouais
DVD_FB_1,0880.6603,0883.5894,ah ben ça pour passer à la télé euh il_y_a pas de soucis ils finissent toujours par les passer hein
DVD_FB_1,0884.0441,0885.2311,@
DVD_FB_1,0886.5283,0888.1675,c' étaient mes parents une_fois ils voulaient acheter un
DVD_FB_1,0888.3933,0891.4055,un batman et ils pensaient que c' était euh tu sais un des récents
DVD_FB_1,0891.9150,0893.7709,ils_ont pris le batman des années cinquante
DVD_FB_1,0894.2307,0898.1011,mais genre j' ai voulu j' ai j' ai même_pas voulu le regarder parce_qu' en_fait j' ai regardé la tu sais la p- la jaquette quoi
DVD_FB_1,0898.8280,0902.5106,et derrière je voyais en_fait euh tu voyais que même les monstres et tout c' était fait en carton
DVD_FB_1,0903.2025,0904.5863,je fais mais j' ai pas envie de le regarder quoi
DVD_FB_1,0904.8830,0905.0325,e-
DVD_FB_1,0905.4474,0912.0789,euh mais c'est horrible tu vois enfin j' ai regardé mes parents j' ai fais mais achetez pas des quand vous enfin je sais pas tu lis derrière ce qu' il_y_a écrit il_y_a écrit mille neuf cent cinquante enfin
DVD_FB_1,0912.4115,0913.0156,j' ai un de mes amis
DVD_FB_1,0913.3421,0927.0200,qui est fan des batmans il les a tous j' ai voulu lui donner il en a même_pas voulu il m' a dit mais fanny j' ai commencé à le regarder euh le requin on dirait un truc fait en pâte à modeler enfin faut arrêter @ euh pareil mais
DVD_FB_1,0927.8111,0930.1134,ah mes parents ils savent pas choisir les films donc du_coup
DVD_FB_1,0934.7425,0935.0781,ouais
DVD_FB_1,0938.7854,0940.1987,ouais mais voilà mais tu euh
DVD_FB_1,0940.5533,0941.4991,tu regardes quoi
DVD_FB_1,0942.5265,0952.4212,ça c'est pareil ma mère quand j' étais plus jeune enfin j' étais à fond sur tout ce qui était hip hop elle m' avait ramené un film elle me fait tiens c'est un film de hip hop na na na je regarde je fais c'est un film français déjà pour commencer enfin je savais même_pas que c' était possible
DVD_FB_1,0953.0932,0960.6828,et en_fait tu avait des effets spéciaux tout pourris genre il_y avait une actrice qui est connue mais j' ai oublié son nom qui jouait la mère de du mec qui était un_peu la le héros du du film
DVD_FB_1,0961.3400,0967.0641,et à_un_moment_donné tu vois ben elle te fait elle fait des figure de hip hop sur un doigt tu vois genre elle se met en arbre droit sur un doigt puis c'est c'est le trucage du film du film
DVD_FB_1,0967.9320,0973.3080,génial l' effet spécial quoi @ c'est un_peu spécial ouais
DVD_FB_1,0975.7956,0976.2716,après
DVD_FB_1,0976.6316,0984.8718,ben non tu vois enfin tout ce qui est danse et tout_ça les américains ils en ont fait tellement que ça sert à rien tout ce qui est film d' action euh ben à part euh besson là qui fait des trucs euh
DVD_FB_1,0986.0227,0987.9816,enfin c'est le seul je pense qui rivalise à peu près
DVD_FB_1,0988.6437,0990.3592,parce_que je suis pas sûr qu' il_y en ait d'autre hein de réalisateurs
DVD_FB_1,0995.5537,1003.9313,ben après on a du bon cinéma français tu vois mais pas dans les films d' action ça_va être plus euh justement les trucs un_peu ben sur euh les personnages sur comment ils_sont sur les sentiments sur les choses comme ça
DVD_FB_1,1004.9347,1007.9427,mais besson tu me diras j' avais pas vu adèle blancsec là ou je sais pas quoi
DVD_FB_1,1010.6696,1011.3683,il était bien
DVD_FB_1,1014.7241,1015.8153,@
DVD_FB_1,1017.6794,1017.9632,ouais
DVD_FB_1,1021.2774,1022.0707,sérieux
DVD_FB_1,1026.7109,1033.9525,@ mais elle finit par faire les répliques en_même_temps non tu la vois pas murmurer
DVD_FB_1,1034.5047,1037.9379,par_dessus @
DVD_FB_1,1044.2369,1044.6274,ouais
DVD_FB_1,1046.3246,1047.6655,c'est clair @
DVD_FB_1,1051.0545,1051.6381,@
DVD_FB_1,1055.8886,1056.6273,@
DVD_FB_1,1057.9370,1061.5350,ben ouais enfin je sais pas m- moi j' arrive pas_à regarder un film toute les enfin tout_le_temps le même quoi
DVD_FB_1,1067.6440,1068.1940,oui ouais
DVD_FB_1,1068.6761,1070.7455,puis après il_y en a tu aimes bien les avoir dans ta dvdthèque quoi
DVD_FB_1,1073.0376,1073.7827,tu sais qu' il_y_a des
DVD_FB_1,1075.1186,1075.7294,@
DVD_FB_1,1078.6147,1083.3709,moi j' ai jamais vu les disney puisque enfin on avait même_pas de magnétoscope à l' époque avec mes parents
DVD_FB_1,1083.8072,1087.8362,on a eu le magnétoscope euh je crois trois ans après_qu' il_y ait le lecteur euh trois ans avant_qu' il_y ait le lecteur
DVD_FB_1,1088.6478,1090.6989,du_coup eu j' ai jamais eu mes disney chez moi
DVD_FB_1,1091.1230,1091.7576,@
DVD_FB_1,1095.4776,1095.7370,ouais
DVD_FB_1,1101.0993,1101.6057,d'accord
DVD_FB_1,1102.1946,1102.4794,ouais
DVD_FB_1,1105.6866,1106.1686,ben
DVD_FB_1,1107.1541,1107.7735,des cassettes
DVD_FB_1,1110.0046,1113.0687,ben tu me diras moi j' ai un magnéto encore chez moi enfin je sais pas ce qu' on en a fait mais je crois que
DVD_FB_1,1113.5480,1116.0718,ah ouais ben voilà comme ça t' es sûre que tu l' as quoi
DVD_FB_1,1117.0206,1120.4394,mais * ah non c'est la nouvelle technologie chez moi on s' y est mis assez tard hein
DVD_FB_1,1122.6697,1127.7934,moi je m' y suis pas encore mise mais j' ai du mal en_fait avec la qualité du blue ray enfin c'est c'est beau mais
DVD_FB_1,1128.7149,1130.0334,c'est ben ouais
DVD_FB_1,1131.4481,1134.4320,puis après je trouve que quand c'est trop réaliste je sais pas ça me gène finalement tu vois
DVD_FB_1,1135.1907,1142.0068,rien que les n- nouvelles télé j' ai eu du mal à enfin mon frère il avait offert une_nouvelle télé à mes parents tu sais ou tu as vraiment l' image en haut d- en haute définition et tout
DVD_FB_1,1142.7854,1156.0875,mais je trouvais ça tellement réaliste qu' après je fais mais c'est bizarre enfin normalement quand je regarde un truc je vois les petits défauts enfin c'est pas parfait le teint de peau je vois pas le grain de peau tu vois je v- je vois juste la couleur ça me suffit tu vois mais enfin j' ai mis un_peu du temps à m' y habituer quoi
DVD_FB_1,1157.0128,1157.9036,après c'est peut_être trop
DVD_FB_1,1163.4124,1165.0570,m- @
DVD_FB_1,1167.5534,1169.4155,je sais pas moi je l' ai vu donc_euh *
DVD_FB_1,1170.0500,1171.4504,après il m' a pas plus plus que ça quoi
DVD_FB_1,1173.8067,1182.4494,parce_que là j' essaye de voir aussi un_peu enfin on a nöel avec euh mes parents et mon frère et il a acheté des vieux films français mais bon enfin assez classique tu vois genre les bronzés euh et le dîner de con euh
DVD_FB_1,1183.2307,1183.9089,donc ça_va quoi
DVD_FB_1,1184.7747,1187.6045,mais celui là je l' ai jamais vu mais peut_être qu' il est il peut_être sympa ouais à voir en famille
DVD_FB_1,1188.6751,1189.1910,ouais *
DVD_FB_1,1193.0360,1194.1400,je l' ai jamais vu mais bon
DVD_FB_1,1196.5221,1196.8333,ouais
DVD_FB_1,1198.1056,1198.3039,mh
DVD_FB_1,1201.3771,1201.6403,ouais
DVD_FB_1,1201.9210,1202.4244,pourquoi pas
DVD_FB_1,1204.5815,1206.3702,c'est en gros il faut qu' on finisse par en avoir deux c'est_ça
DVD_FB_1,1207.0139,1208.5976,donc ça j' ai ça non_plus
DVD_FB_1,1210.2215,1212.2787,ça peut_être celui là tu l' avais aimé
DVD_FB_1,1213.0811,1214.9704,ça on a dit non @
DVD_FB_1,1215.4680,1220.6653,après celui là moi j' ai dit que ça m' interessait pas donc tu peux le garder celui là ben je l' ai vu donc si tu veux tu peux le garder de ton côté
DVD_FB_1,1224.7484,1228.1023,<!> mais il en a fait d'autres euh je sais plus comment il s'appelle euh cest com- c'est quoi déjà le réalisateur
DVD_FB_1,1228.8506,1230.5470,ouais et guillaume de euh guillermo del toro
DVD_FB_1,1231.3454,1234.0016,mais il en a fait un autre qui était pas mal il s'appelle l' orphelinat
DVD_FB_1,1234.2915,1240.4348,mais c'est que des trucs un_peu fantastiques assez bizarres mais euh je sais pas il les tourne d'une façon c'est celui là il est je sais qu' il est magnifique quoi
DVD_FB_1,1243.8589,1245.3425,mais après il est un_peu ouais il fait un_peu
DVD_FB_1,1245.7910,1248.0893,peur sur certains trucs mais ça c'est pas un film d' horreur donc ça_va
DVD_FB_1,1248.5439,1252.1663,c'est c'est genre le film il te laisse pas tranquille mais ça_va @
DVD_FB_1,1253.9907,1255.5759,ouais ouais bon normalement @
DVD_FB_1,1259.7614,1269.6475,ben c'est juste les i- moi c'est les images qui me perturbent parce_qu' il_y_a des trucs c'est sur des morts tuv ois donc je sais très_bien qu' un mort va pas se réveiller du jour au lendemin et venir me parler tu vois mais @ mais l' image elle m' interpelle donc_euh
DVD_FB_1,1272.6414,1273.7306,ouais j' adore cette série
DVD_FB_1,1274.7352,1274.9640,ouais
DVD_FB_1,1277.6284,1279.2729,mais ça travaille aussi enfin
DVD_FB_1,1280.0334,1280.2317,ouais
DVD_FB_1,1283.8267,1290.9128,et_puis en_plus ils_sont pas tous des fois il_y en a qui les enfin je sais pas ils mettent la série où tu as des fantômes où ça_va ils_sont gentils et tout et_puis tu en as d'autres qui sont un_peu plus faits euh
DVD_FB_1,1291.7336,1293.0433,ouais plus sombre
DVD_FB_1,1296.2781,1296.9555,ça fait peur hein
DVD_FB_1,1297.7892,1298.1889,@
DVD_FB_1,1302.5134,1303.4040,oh ça fait peur ouais
DVD_FB_1,1306.0610,1307.1111,mais je sais qu' une_fois mh
DVD_FB_1,1307.4173,1313.7131,avec mon ex chez lui en_fait @ au_début je savais pas tu vois et je trouvais quand_même que chez lui j' avais une sensation bizarre mais je savais pas ce que c' était
DVD_FB_1,1314.5187,1317.3358,et je lui en parlais avec lui il me dit ouais mais quand_on était petit avec ma soeur
DVD_FB_1,1318.1391,1327.9844,en_fait quand_on dormait on sentait une présence qui venait et qui nous soufflait dessus tu vois et il entandait vraiment des bruits de pas et tout je fais mais ça fait mais ça fait des années qu' ils l' entendent plus tu sais
DVD_FB_1,1328.8995,1338.6518,mais tu sens toujours un truc bizarre et ça travaille quoi genre une_fois on était dehors dans son jardin tranquille et son chien il s'est mis à aboyer mais pour rien mais vraiment tu sais comme s' il_y avait quelque_chose enfin pas juste il aboit euh normal quoi
DVD_FB_1,1339.2867,1346.5027,mais vraiment énervé et il_y avait mais rien on a regardé de partout @ on a fait non c'est bon on rentre parce_que là ça le fait pas on sait jamais
DVD_FB_1,1347.1647,1351.4022,mais ces amis enfin personne peut rester dormir chez lui parce_que t- enfin c'est c'est trop bizarre
DVD_FB_1,1354.0920,1360.7320,ben eux c'est parti alors je me demande si c'est pas les quand tu es enfant tu es beaucoup_plus réceptif je crois des aux trucs un_peu entre guillemet surnaturels mais
DVD_FB_1,1361.5043,1368.8140,donc peut_être que après avec l' âge tu sens des trucs mais ça_va quoi c'est enfin moi j' ai pu enfin je pouvais dormir tranquillement mais c'est_vrai qu' à des moments je sentais un truc bizarre quoi
DVD_FB_1,1369.6115,1371.9101,c' était pas genre je sentais un souffle sur ma tête donc
DVD_FB_1,1372.1833,1376.7251,ça parce_que lui c' était vraiment ça quand il était petit quoi c' était un souffle glacial qui d'un coup lui venait dessus
DVD_FB_1,1377.4709,1380.7011,je sais pas tu es pa- tu es parent ton gosse il te dit ça euh @
DVD_FB_1,1381.3134,1392.9931,bon quoi qu' ils_sont comme les_miens hyper carthésiens ils_vont te dire oui mais ça c'est parce_qu' il_y avait peut_être un trou d' air quelque_part et tu as senti parce_que @
DVD_FB_1,1393.5943,1394.7115,@
DVD_FB_1,1395.4069,1396.5535,* peut_être que oui peut_être que non
DVD_FB_1,1397.1483,1397.8603,@
DVD_FB_1,1398.8454,1400.6320,ben oui mais c'est_ça c'est parce_que tu sais pas
DVD_FB_1,1402.1400,1402.7133,@
DVD_FB_1,1407.7187,1408.7030,ah oui ben oui
DVD_FB_1,1409.0932,1413.8063,@
DVD_FB_1,1414.7190,1419.3727,mais c'est comme quand_on est gamin euh je sais pas si tu as déjà eu des amis ou si toi tu t' amusais à le faire mais tu sais d' appeller les esprits
DVD_FB_1,1422.1226,1426.9412,moi j' avais des copines qui passaient des soirées à_faire ça et enfin heuresement elles l' ont jamais fait en ma présence mais euh
DVD_FB_1,1427.2071,1431.4681,même mes parents alors_qu' ils_sont pas croyants ils disaient on sait jamais dans le doute il vaut mieux pas s' amuser avec
DVD_FB_1,1432.5080,1433.2280,mais
DVD_FB_1,1433.8742,1438.3143,mais ça c'est pareil mais rien que de le faire je sais pas rien que de l' imaginer ça me ferait déjà peur quoi @
DVD_FB_1,1439.2276,1444.6991,ouais @ mais ça_va on est dans une chambre sourde @
DVD_FB_1,1444.9618,1445.7039,bien compacte
DVD_FB_1,1446.2628,1452.0466,@ ça_va d'ailleurs tu as vu on s'est habitué je trouve au_fait qu' il_y ait pas de bruit enfin oui
DVD_FB_1,1454.7678,1455.0431,ouais
DVD_FB_1,1455.3246,1456.3036,on va sortir ça_va faire bizarre
DVD_FB_1,1456.7634,1457.2209,@
DVD_FB_1,1460.7281,1462.7800,mh pareil non mais sinon j' ai l' impression que c'est trop sérieux
DVD_FB_1,1463.9694,1473.6872,ben au_moins tu as de la vie en_fait enfin moi pareil quand je révise j' ai besoin qu' il_y ait un bruit comme ça je me dis c'est pas comme si j' était à cent pour_cent tu vois en_train_de travailler h sinon euh c'est horrible quoi je me dit non la musique
DVD_FB_1,1474.4067,1475.0734,comme ça euh
DVD_FB_1,1475.5854,1476.1454,ouais voilà
DVD_FB_1,1477.4680,1479.2718,ouais mais au_moins en fond sonore comme tu dis ouais
DVD_FB_1,1482.0227,1486.2048,@
DVD_FB_1,1490.8920,1492.3000,ouais moi ça me berce j' aime bien
DVD_FB_1,1493.1848,1495.2030,mais s' il_y_a pas de bruit je sais pas je trouve ça bizarre en_fait
DVD_FB_1,1495.4283,1496.3760,pareil mais j' aime pas
DVD_FB_1,1500.1560,1501.6360,ben ouais puis je sais pas c'est
DVD_FB_1,1502.0460,1511.6285,tu te sens isolé quoi c'est tout enfin moi déjà je vis seule alors si en_plus je me mets dans le sans bruit et sans lumière sans rien euh @ je me sens encore_plus seule quoi je me sens isolée du monde @
DVD_FB_1,1514.0920,1525.3138,oui voilà tu vois @ c'est trop ça @
DVD_FB_1,1529.4246,1530.8174,oh ben ça les
DVD_FB_1,1532.5096,1533.0788,@
DVD_FB_1,1536.0886,1537.7159,c'est j' aime pas ça ouais
DVD_FB_1,1538.8545,1539.2142,@
DVD_FB_1,1543.5096,1544.5896,ouais sinon dans mon village euh @
DVD_FB_1,1545.3196,1550.9438,quand tu vas enfin moi quand je rentrais chez moi de de l' école quand j' était petite tu sais pour rentrer chez moi il fallait que je passe devant le cimetière tu vois
DVD_FB_1,1551.8759,1560.9743,alors quand il fait jour ça_va mais quand il fait nuit euh c'est pas très rassurant quand t' es gamin tu vois tu passes devant tu fais bon soit c'est le jeu avec tes copains tu fais bon allez le premier qui ose et tout
DVD_FB_1,1561.9885,1563.9653,soit tu es un_peu flipée quoi @
DVD_FB_1,1568.1114,1569.1185,ok @
DVD_FB_1,1573.6235,1574.8280,oh moi je pourrais pas
DVD_FB_1,1576.7214,1580.3626,ouais mais ils_ont dû avoir euh une maison pas cher du_coup je pense mais
DVD_FB_1,1581.5551,1590.7848,@ mais non mais c'est pas possible t' imagine putain c'est juste morbide quoi
DVD_FB_1,1591.2814,1594.3534,mais même sans croyance ni rien enfin avoir vue sur un truc où il_y_a des morts euh
DVD_FB_1,1595.5694,1596.1538,ouais enfin
DVD_FB_1,1596.5229,1603.3840,c'est clair tu te lèves le matin bon @ on va prendre le petit déj- face euh face aux tombes allez c'est parti
DVD_FB_1,1604.7477,1612.5827,@ ben tu imagines si si tu aimes pas le silence là pour le coup euh non_seulement ça doit pas être très bruyant parce_qu' en général dans les cimetières il_y_a pas grand chose
DVD_FB_1,1613.3831,1620.2253,@ ouais génial @ ah putain @
DVD_FB_1,1623.4228,1636.9894,mh ben c'est_bien en_plus quand tu commences à vieillir enfin moi je me dirais oh tiens ma prochaine habitation c'est sympa j' ai vue sur la maison de retraite @
DVD_FB_1,1640.5998,1642.0136,moi ça me va ça te va toi ou pas
DVD_FB_1,1643.0841,1644.5886,ok bon c'est bon alors nickel
DVD_FB_1,1645.3683,1650.1254,on aura pas beaucoup éparpillé on se sera pas jeté dans la figure @
DVD_FB_1,1651.4138,1661.6529,@ non mais n' empêche tu as vu il_y_a une distance quoi je peux pas @ au_cas_où
DVD_FB_1,1662.7383,1663.3709,@
DVD_FB_1,1664.6680,1666.6360,@ ah laisse tomber
DVD_FB_1,1668.1543,1668.6078,@
DVD_FB_1,1672.7427,1676.9366,ouais bon ça_va on a pas trop de_quoi se taper dessus hein si à partir des films on arrive à finir par se battre euh
DVD_FB_1,1678.6467,1681.4760,ouais légèrement ouais @
DVD_FB_1,1682.1132,1685.3843,@ t' aime pas ce film quoi mais il est trop bien @
DVD_FB_1,1685.6095,1690.6368,aime le @ pareil point génial la conviction
DVD_FB_1,1691.7762,1693.7811,bonne stratégie @
DVD_FB_1,1696.8661,1698.5371,* oui ben oui @
DVD_FB_1,1700.0384,1706.4429,* ça fait juste que tu te tais pas que tu reconnais que l' autre à raison mais bon @
DVD_FB_1,1708.2610,1708.6269,@
DVD_FB_1,1710.0806,1715.6163,c'est des soirs là quand je bosse au bar il_y_a des * chaque_fois quand_on sort mais il_y_a tout_le_temps des bastons mais c'est des mecs bourrés quoi
DVD_FB_1,1716.4120,1718.6605,mais des fois mais les raisons mais *
DVD_FB_1,1719.4784,1726.3871,mais c'est_ça mais c'est_ça hein mais à chaque_fois c'est_ça c'est il m' a poussé non mais euh vous étiez dans le même espace tu as vu comme c'est serré enfin tu pousses tout_le_monde euh
DVD_FB_1,1726.8579,1732.4679,je fais moi qui suis serveuse pendant tu y es vas y tu m' insultes aussi parce_que je t' ai poussé parce_que je pouvais pas passer enfin c'est mais tu en es où quoi
DVD_FB_1,1733.2920,1736.3160,et les gens mais c'est parti en baston d'ailleurs ils se_sont mis à dix à se battre dans la rue
DVD_FB_1,1737.4491,1744.5698,et ils se rendent pas compte qu' en_plus c'est les flics qui interviennent donc_euh c'est débile euh tu peux te retrouver euh en garde_à_vue parce_que tu étais bourré et tu as frappé quelqu'un enfin c'est
DVD_FB_1,1745.2579,1746.0492,c'est trop con quoi
DVD_FB_1,1747.6077,1754.8941,en_plus une_fois je parlais avec un ancien euh détenu et il me fait oui mais tu te rends pas compte tu peux aller en prison juste parce_que tu as ta- tu as tapé quelqu'un sur la voix publique puis il est mort de ton coup de poing @
DVD_FB_1,1755.9480,1760.5987,* je fais oui mais bon quand_même ça reste un_peu violent @
DVD_FB_1,1760.9294,1765.5747,oui à ce moment là tout_le_monde peut aller en prison mais bon pas tout_le_monde met des coups de poings non_plus dans la rue tu vois et_puis euh
DVD_FB_1,1766.0045,1768.0095,pas tout_le_monde met coup de poing qui met quoi
DVD_FB_1,1768.2418,1771.4768,mais bon @
DVD_FB_1,1772.7154,1779.9111,ben parce_que là pendant qu' on y est tout les détenus qui sont en prison tu vois c'est parce_qu' ils_ont mis un coup de poing à quelqu'un genre dans la rue puis paf ils_sont + sont tellement forts que le mec est mort tu vois @
DVD_FB_1,1780.1457,1781.4290,c'est non mais c'est connu
DVD_FB_1,1782.0326,1787.3827,il n' y a que des innocents en prison euh
DVD_FB_1,1788.1211,1788.5619,@
DVD_FB_1,1791.8467,1797.0627,tu deviens dangereux encore ceux_qui deviennent gamin justement mais bon enfant ça_va mais ceux_qui deviennent violents euh
DVD_FB_1,1797.6385,1799.2707,ouais comme ouais ado ouais
DVD_FB_1,1799.9915,1800.9831,mh + mh mais c'est_ça hein
DVD_FB_1,1802.7980,1812.6814,parce_que bon moi j' avais un coloc une_fois enfin lui il se jettait dans les poubelles tu vois donc_euh mais du_coup il était il était un danger mais pour lui tout seul tu vois @ donc ça allait tu vois c' était pas de souci
DVD_FB_1,1813.2507,1817.4937,va te jeter dans la poubelle on te récupère demain matin @
DVD_FB_1,1817.8307,1828.3285,mais bon au_moins tu sais qu' il_y_a pas de danger quoi il va pas te créer d' embrouilles euh * à part les flics qui pourraient arriver et dire bon écoutez monsieur là euh @ vous déteriorez le bien public @
DVD_FB_1,1829.6675,1837.5140,ouais c'est clair ah là le mec il ren- il s- il revient il revient ils sent pas que l' alcool tu vois il sent les ordures au passage @
DVD_FB_1,1838.8025,1844.8973,t' es sorti où @ euh @ pas envie d'en parler @
DVD_FB_1,1845.1800,1846.3744,oh là là @
DVD_FB_1,1849.3827,1850.1412,ouais c'est sympa hein
DVD_FB_1,1851.7998,1852.6318,c'est des beaux effets
DVD_FB_1,1852.9946,1856.4174,moi j' aime bien parce_que du_coup je vois un_peu tous les tous les styles qu' il peut y avoir de gens bourrés là
DVD_FB_1,1857.0947,1857.5374,au_bout d'un moment
DVD_FB_1,1860.9544,1865.0496,* d'autres viennent pareil ils croient qu' ils_sont amis avec tout_le_monde tu vois ça aussi ça m' énerve
DVD_FB_1,1865.4562,1884.8053,je te jure des fois je suis au bar mais je travaille quoi et tu as les gens ils viennent me voir c'est genre ils te prennent par l' épaule et tout mais t' es ma pote non ça fait juste dix minutes qu' on se connait je t' ai juste servi tes verres laisse lâche moi quoi dégage @ puis le gars il va aller voir tout_le_monde tu sais dans l' endroit ouais mon pote et tout vas y je te paye un verre il va se retrouver avec un déficit de moins cent euros sur son @ sur son compte @
DVD_FB_1,1885.8351,1886.2324,c'est bon
DVD_FB_1,1887.6712,1888.2468,ok
DVD_FB_1,1889.3134,1889.8360,fin
