DVD_RC_1,0003.8687,0003.9267,clap
DVD_RC_1,0017.3603,0018.9692,h.
DVD_RC_1,0043.6267,0044.4975,alors je verrais pas moi s-
DVD_RC_1,0045.4837,0045.6851,ouais
DVD_RC_1,0059.1312,0059.6285,d'accord
DVD_RC_1,0063.9381,0064.4707,il est où
DVD_RC_1,0065.4484,0065.8036,ah ouais
DVD_RC_1,0066.4473,0066.9472,ah ouais d'accord
DVD_RC_1,0068.4389,0068.8724,ok
DVD_RC_1,0069.8984,0070.6672,tu marches dedans
DVD_RC_1,0070.9174,0073.2858,* *
DVD_RC_1,0080.5092,0081.3972,faut pas être claustrophobe quoi
DVD_RC_1,0083.4333,0085.2215,@ non mais @
DVD_RC_1,0089.2206,0090.8004,oh mon dieu @
DVD_RC_1,0091.7645,0093.9926,qu' est ce que ah ben je comprends pourquoi on est les derniers
DVD_RC_1,0095.8445,0096.9482,c'est un défi là hein
DVD_RC_1,0098.3777,0098.7132,han
DVD_RC_1,0099.5073,0100.2365,j' en ai vu aucun
DVD_RC_1,0102.9680,0103.7666,ça_va être dur
DVD_RC_1,0106.0869,0110.2279,* ben j' ai * qu' est ce que c'est que ça
DVD_RC_1,0111.3732,0112.4630,téléphone public
DVD_RC_1,0113.3761,0114.4907,avec le groupe téléphone
DVD_RC_1,0116.1302,0118.4222,je sais que tu le veux ça @
DVD_RC_1,0119.6694,0120.3727,euh
DVD_RC_1,0120.6228,0123.2963,moonraker ouais bon ça c'est un classique hein
DVD_RC_1,0124.7669,0127.1497,avec euh roger moore
DVD_RC_1,0130.3075,0134.5589,* moi non_plus
DVD_RC_1,0135.0777,0136.4340,ma mère moi et ma mère
DVD_RC_1,0136.7514,0139.8355,* déjà il_y_a une @ vilaine répétition dans le titre
DVD_RC_1,0140.5439,0141.8139,je n' ai jamais vu ce film
DVD_RC_1,0144.2012,0146.5871,* suzanne sarandon oui mais euh *
DVD_RC_1,0147.7003,0149.1000,et sexual provocation
DVD_RC_1,0151.0523,0153.1789,* tu le veux ça aussi @
DVD_RC_1,0153.4790,0155.3977,avec euh
DVD_RC_1,0155.9377,0158.1469,cruelle inten- oui je connais plutôt cruelle intention moi
DVD_RC_1,0160.7141,0161.3259,je pense pas
DVD_RC_1,0163.0580,0164.7910,* les acteurs des années quatre vingt dix
DVD_RC_1,0165.0839,0165.3624,han
DVD_RC_1,0165.9941,0166.4638,d'accord
DVD_RC_1,0167.3882,0169.1647,* euh alala
DVD_RC_1,0169.7259,0170.2857,ah
DVD_RC_1,0171.8926,0172.5675,très bon ça
DVD_RC_1,0176.0546,0176.6996,il_y_a une suite là aussi
DVD_RC_1,0178.1950,0180.0110,ouais c'est evan tout puissant je crois
DVD_RC_1,0181.2620,0182.3329,euh
DVD_RC_1,0182.8279,0185.9302,evan ben c'est celui dont il se moque en_fait dans le
DVD_RC_1,0186.3344,0187.3503,* dans tout le film
DVD_RC_1,0187.9788,0189.2152,* celui_qui est le présentateur vedette
DVD_RC_1,0189.9536,0192.8195,je sais plus son nom c'est un acteur comique américain
DVD_RC_1,0194.1316,0196.1314,euh ben ça doit être auh au dos hein son nom
DVD_RC_1,0197.7871,0198.5524,j' imagine
DVD_RC_1,0202.4887,0203.5136,mais enfin il il est pas mal
DVD_RC_1,0205.5909,0206.5886,qu' est ce que c'est que ça
DVD_RC_1,0206.9943,0207.3055,ah
DVD_RC_1,0210.8462,0212.0880,il est de carpenter le deux
DVD_RC_1,0214.9231,0215.2779,d'accord
DVD_RC_1,0216.6450,0218.5912,ah ouais mais ça peut_être pas mal ça *
DVD_RC_1,0219.3469,0220.4592,en_fait tu as tout tu as tout le
DVD_RC_1,0221.2067,0224.3196,@ il_y_a un déséquilibre f- lattent
DVD_RC_1,0224.5392,0226.0990,@ j' ai envie de dire
DVD_RC_1,0227.0875,0227.8712,chouchou
DVD_RC_1,0234.1011,0241.0002,* j' ai quatre genres différents hein @ un james_bond je je pense qu' on peut les classer dans un j- @ un genre les james_bond film d' espionnage
DVD_RC_1,0242.0353,0244.3719,* crual intentions enfin
DVD_RC_1,0247.4215,0249.9310,* je sais pas dans quoi on peut le classer film de genre
DVD_RC_1,0251.3977,0253.7421,genre euh film de niche
DVD_RC_1,0254.6917,0256.2379,h ça ça doit être une
DVD_RC_1,0256.4796,0258.6369,comédie dramatique euh
DVD_RC_1,0260.9018,0262.2917,qui a réalisé cette chose
DVD_RC_1,0263.6235,0264.5484,c' était pas marqué
DVD_RC_1,0265.0370,0269.6855,h et_puis ça c'est on dirait un un concert filmé je sais pas
DVD_RC_1,0272.6538,0273.8476,h.
DVD_RC_1,0278.7726,0280.4450,non c'est un documentaire sur le
DVD_RC_1,0281.8867,0282.5066,la carrière
DVD_RC_1,0284.2627,0285.3286,de téléphone enfin non parce_que
DVD_RC_1,0286.1056,0289.0343,en quatre vingt c'est + pas la carrière c'est plus sur euh
DVD_RC_1,0290.2262,0292.7624,je sais pas ils_ont du suivre téléphone jean marie perrier aussi
DVD_RC_1,0294.8531,0296.2566,c'est un photographe
DVD_RC_1,0299.8241,0301.0634,ben non_pas vu non_plus
DVD_RC_1,0302.0668,0303.3494,ça j' ai dû le voir par bribes
DVD_RC_1,0304.3794,0306.4806,euh à la télé quand c'est passé quoi h
DVD_RC_1,0306.8436,0313.1715,mais euh c'est clairement pas le film que je que que j' ai regardé quoi et_puis il est sorti enfin je veux dire je j' avais pas non_plus euh
DVD_RC_1,0314.2044,0316.5725,moonraker oh ça il passe au_moins une_fois à la à la télé par an
DVD_RC_1,0317.3749,0321.7852,* euh avec mickael lansdale je crois qu' il fait le méchant
DVD_RC_1,0322.8592,0323.0239,ouais
DVD_RC_1,0326.1245,0328.0383,h ben je je l' ai vu de
DVD_RC_1,0328.4471,0329.1994,sa tête en_fait
DVD_RC_1,0329.5180,0330.4831,<p mais il était jeune là
DVD_RC_1,0331.9099,0333.2597,ouais mais ça passe tout les
DVD_RC_1,0334.2455,0335.5453,tout les ans ça *
DVD_RC_1,0337.3477,0337.7611,ouais
DVD_RC_1,0339.1318,0340.0288,* ah oui ça oui
DVD_RC_1,0341.1521,0343.0720,avec roger moore euh ouais
DVD_RC_1,0345.0706,0346.9264,c'est les petits james_bond euh
DVD_RC_1,0347.4003,0348.6258,années soixante euh
DVD_RC_1,0349.7586,0350.5234,il_y_a pas les années
DVD_RC_1,0352.3763,0354.3114,* no- non_pas forcément
DVD_RC_1,0354.5189,0355.7209,mais euh
DVD_RC_1,0357.1862,0358.6599,daniel craig euh
DVD_RC_1,0360.5034,0362.0957,c'est clair que les les
DVD_RC_1,0362.8939,0367.5711,les trois derniers james_bond ils_sont c- clairement en di- scission avec les les précédents quoi
DVD_RC_1,0368.5758,0373.2903,euh il_y_a même des fans des_des des james_bond en général qui n' aiment pas la suite parce_que ça a viré
DVD_RC_1,0373.7174,0376.9217,vraiment à un autre genre beaucoup_plus d' action moins espionnage
DVD_RC_1,0383.1229,0384.7591,h le le dernier le lequel
DVD_RC_1,0387.3837,0388.5341,s- il_y_a eu skyfall
DVD_RC_1,0389.3124,0390.0722,et casino royal
DVD_RC_1,0393.9892,0394.3891,ah ouais
DVD_RC_1,0397.4422,0397.8021,d'accord
DVD_RC_1,0399.3087,0400.8936,ah c'est_vrai que casino royal il est bon
DVD_RC_1,0401.9912,0402.6512,quantum of solace j' ai
DVD_RC_1,0403.0504,0406.7684,j' ai j' ai j' ai pas très_bien compris la le puis c'est une suite
DVD_RC_1,0407.1333,0408.2433,quand_même hein dans le scénario
DVD_RC_1,0412.1113,0413.3052,h oui c'est_vrai
DVD_RC_1,0414.1084,0415.3135,c'est_vrai c'est une sorte de trilogie en_fait
DVD_RC_1,0416.4394,0416.7689,ouais
DVD_RC_1,0417.9832,0421.0076,euh ouais mais le suivant ça_va être quoi alors quadrilogie non
DVD_RC_1,0422.9532,0424.2187,le suivant d'ailleurs qui
DVD_RC_1,0429.0797,0429.3246,mh
DVD_RC_1,0431.2539,0432.1048,oui c'est un reboot ouais en_fait
DVD_RC_1,0432.7791,0433.0327,ouais
DVD_RC_1,0439.6949,0443.7712,euh ralph ralph non comment ça se prononce finns ou fienns j- je sais jamais comment ça se prononce
DVD_RC_1,0444.7614,0446.5462,mais euh c'est un excellent acteur lui
DVD_RC_1,0447.2447,0449.2249,et j' étais content qu' il euh qu' il remplace euh
DVD_RC_1,0450.8513,0451.1325,m
DVD_RC_1,0451.3674,0452.6305,@ qu' ils
DVD_RC_1,0453.0821,0454.5321,ben qu' ils fassent comment dire euh
DVD_RC_1,0455.4430,0457.8027,ouais non mais c'est judith ouais c'est judi dench c'est_ça
DVD_RC_1,0458.1669,0458.8119,ouais elle est excellente
DVD_RC_1,0459.3407,0460.4957,mais euh
DVD_RC_1,0460.9987,0463.0440,enfin elle a un_peu changée parce_que depuis euh
DVD_RC_1,0463.5288,0464.9976,je crois qu' elle a commencé avec golden eye non
DVD_RC_1,0465.7812,0466.9804,avec q- pierce brosman
DVD_RC_1,0467.5391,0468.4941,avant c' était un homme hein
DVD_RC_1,0470.2052,0472.2692,dans les p- dans les vieux james_bond c' était toujours un homme
DVD_RC_1,0473.3677,0474.9793,le le le chef du mi six
DVD_RC_1,0478.2264,0478.7297,ah non non
DVD_RC_1,0479.1966,0480.7291,elle était avant ouais ouais + elle était avant
DVD_RC_1,0486.0830,0488.6967,ben écoute euh il me semble bien_qu' elle était avant
DVD_RC_1,0489.5308,0494.3100,mais c'est_vrai que maintenant ça fait bizarre @ anachronisme + assez important
DVD_RC_1,0497.2876,0500.3729,moi j' ai je suis quasi sûr que dans @ que dans golden eye elle y était quoi
DVD_RC_1,0500.7512,0501.5331,c'est fou ça
DVD_RC_1,0502.3959,0502.9659,mais c'est_vrai c'est fou
DVD_RC_1,0505.0812,0507.4230,ah oui c'est t- carrément dystopique là c'est euh d'accord
DVD_RC_1,0508.6833,0513.1679,ouais mais bon en_même_temps on est pas_à l' abri non_plus de d'une écartade euh
DVD_RC_1,0513.5389,0513.8744,* euh
DVD_RC_1,0514.1114,0515.5412,d'un écart dans les scénarios
DVD_RC_1,0516.3346,0518.7080,james_bond avant ils étaient pas très je veux dire euh
DVD_RC_1,0519.2984,0524.6925,soucieux de la cohérence du_tout euh * euh les certaines scènes de cascades je crois que c'est le
DVD_RC_1,0525.1594,0527.4555,le james_bond le plus vraiment nanar c'est euh
DVD_RC_1,0528.3834,0531.8800,celui avec euh s- je crois que c'est toujours pierce brosman
DVD_RC_1,0532.4933,0533.3312,c'est avec halle berry
DVD_RC_1,0534.3738,0535.6915,et c'est euh
DVD_RC_1,0535.8929,0536.5683,ouais je crois que c'est_ça
DVD_RC_1,0537.4216,0541.0171,ah les enfin les les cascades le enfin le scénario le sattelite enfin le
DVD_RC_1,0541.4302,0545.1520,cascade à_la_fin dans dans sur la banquise c'est * c'est du grand n' importe quoi
DVD_RC_1,0547.2650,0549.6245,oui mais avant c' était euh * je sais pas
DVD_RC_1,0550.1084,0551.7284,bon vous avez peut_être c' était peut_être kitch quoi
DVD_RC_1,0552.3259,0553.4307,ben c'est devenu kitch ça c'est sur
DVD_RC_1,0554.4384,0557.6703,mais euh là c' était un_peu n' importe quoi quand_même casino royal ils_sont revenus à du réalisme
DVD_RC_1,0558.4516,0559.2972,même si c'est plus violent
DVD_RC_1,0559.7641,0561.6492,* euh
DVD_RC_1,0561.8578,0564.5435,* rien que la scène d' intro casino royal elle est en noir et blanc quoi
DVD_RC_1,0565.3154,0567.3299,parce_que c' était trop violent quoi ils_ont fait un choix
DVD_RC_1,0567.9889,0569.1879,de la tourner en noir et blanc
DVD_RC_1,0570.5762,0571.3579,euh
DVD_RC_1,0572.3739,0573.6541,il_y_a gars qui attend dans son bureau
DVD_RC_1,0574.2977,0577.8978,et il_y_a donc c'est sa première mission d'ailleurs pour devenir double zéro
DVD_RC_1,0578.5260,0582.3843,et bon il fracasse dans tout les sens euh dans l' évier enfin il pète tout
DVD_RC_1,0583.1471,0584.0929,et à mon avis il_y avait
DVD_RC_1,0584.3187,0585.1127,un peut trop de rouge
DVD_RC_1,0585.6680,0587.0471,pour qu' il soit classé tout public
DVD_RC_1,0587.4650,0589.2014,donc ils_ont eu peur qu' il soit censuré à mon avis
DVD_RC_1,0590.0745,0593.5790,euh s- ben c'est c'est normal je crois que c'est la c'est toujours la mgm hein
DVD_RC_1,0594.4450,0594.9317,qui fait ça
DVD_RC_1,0596.1597,0597.4175,je sais plus si c'est la mgm
DVD_RC_1,0598.7355,0600.1355,la ouais la metro ouais
DVD_RC_1,0600.4498,0601.6448,la metro goldwin mayer
DVD_RC_1,0602.6875,0604.1220,les studios avec le lion qui fait ouah
DVD_RC_1,0605.1549,0607.1434,euh ben ils_ont ils_ont quasiment fait faillite hein
DVD_RC_1,0608.3820,0612.2035,mais euh ben skyfall n' a failli ne_pas voir le jour il me semble j' avais pas
DVD_RC_1,0612.5116,0613.6504,très_bien suivi mais euh
DVD_RC_1,0614.7631,0616.7319,ils_ont eu des gros soucis euh
DVD_RC_1,0617.4672,0618.3612,de trésorerie
DVD_RC_1,0619.4787,0620.3054,euh mais bon
DVD_RC_1,0621.2947,0622.5512,mais ouais casino royal a f-
DVD_RC_1,0623.7844,0626.3069,* ben voilà pour les james_bond quoi je
DVD_RC_1,0627.4929,0628.9639,moonraker roger moore
DVD_RC_1,0629.5625,0630.8335,@
DVD_RC_1,0633.6929,0634.6108,sur m six
DVD_RC_1,0635.5119,0636.3363,il_y_a un james_bond
DVD_RC_1,0641.8695,0642.3981,starwars
DVD_RC_1,0642.9897,0643.7793,ah oui d'accord
DVD_RC_1,0645.3895,0646.4668,ah oui d'accord
DVD_RC_1,0646.8997,0647.2890,ok
DVD_RC_1,0648.4081,0650.4079,ah oui c'est_vrai c'est toutes les semaines d'accord j' avais pas bien suivi
DVD_RC_1,0651.2061,0652.6809,euh d'accord
DVD_RC_1,0653.2198,0656.9444,mais tout les ans ils le repassent maintenant m six qu' ils_ont maintenant qu' ils_ont acquis les droits ça y est c'est euh
DVD_RC_1,0657.4782,0658.3361,faut qu' ils rentabilisent quoi
DVD_RC_1,0661.9558,0662.4658,ben *
DVD_RC_1,0662.9447,0665.1287,ça dépend la la nouvelle euh
DVD_RC_1,0665.4887,0667.5830,comment dire euh trilogie
DVD_RC_1,0669.1365,0671.2427,je sais pas comment ils_ont appellé appellé ça ils_ont appellé ça c-
DVD_RC_1,0671.6479,0673.9526,par_un nom euh spécifique les les fans
DVD_RC_1,0674.5164,0674.9462,mais enfin bref
DVD_RC_1,0675.5200,0676.9899,euh
DVD_RC_1,0677.4202,0679.5982,* je trouve qu' elle elle m' a plus lassé que les anciens
DVD_RC_1,0680.4663,0684.2167,les anciens ils_ont un petit euh @ petit goût de l' autenthique @
DVD_RC_1,0685.0137,0687.4389,qui euh qui font euh enfin je sais pas
DVD_RC_1,0690.5912,0694.0964,ah * oui et encore que c' était euh
DVD_RC_1,0695.5682,0697.2181,ah euh soixante fin soixante dix le premier hein
DVD_RC_1,0697.9992,0698.3766,ah ouais
DVD_RC_1,0699.6389,0700.5989,ah il me semble que si hein
DVD_RC_1,0701.8461,0702.9711,c'est vieux le premier
DVD_RC_1,0703.4999,0704.6199,c' était une prouesse pour l' époque
DVD_RC_1,0705.8417,0706.5617,si si il me semble hein
DVD_RC_1,0707.5794,0709.1994,euh mais euh
DVD_RC_1,0709.9777,0714.6136,mais on voit qui un_peu qu' il a qu' il a daté c'est pour ca qu' ils en on fait une édition rééditée enfin remasterisée mais
DVD_RC_1,0715.7495,0716.1802,mais il est excellent
DVD_RC_1,0717.3419,0717.4993,mh
DVD_RC_1,0720.6699,0721.1213,oui oui
DVD_RC_1,0722.5382,0724.1374,oui voilà le vaisseau qui arrive
DVD_RC_1,0724.4344,0724.8405,* ouais
DVD_RC_1,0725.7512,0726.6661,euh inspiré ouais
DVD_RC_1,0729.4986,0729.7392,mh
DVD_RC_1,0731.0484,0731.4934,ouais ouais
DVD_RC_1,0732.8056,0733.6355,ben déjà le méchant
DVD_RC_1,0735.0974,0736.2023,euh les robots ouais
DVD_RC_1,0737.2051,0738.4298,ben
DVD_RC_1,0738.9661,0739.8570,ah dommage que
DVD_RC_1,0741.4999,0744.5982,ah george lucas s'est vendu @ le tout_à disney
DVD_RC_1,0744.8619,0747.1809,* je crains le pire
DVD_RC_1,0748.1274,0750.7772,euh ceci dit euh je sais pas si tu as suivi
DVD_RC_1,0751.3859,0751.5637,ouais
DVD_RC_1,0753.5471,0755.0744,h oui dj abrahams ouais
DVD_RC_1,0755.7987,0756.0260,ouais
DVD_RC_1,0756.5196,0757.1594,c'est un bon signe
DVD_RC_1,0758.7542,0759.1026,hm
DVD_RC_1,0761.8399,0766.6254,ouais lo lost euh ouais la création la première saison après c'est * @
DVD_RC_1,0766.9928,0769.5773,mais euh ouais il a il a fait alias aussi
DVD_RC_1,0769.9565,0771.1162,je sais pas si tu connais cette série
DVD_RC_1,0772.1389,0779.7080,alias que je regardais aussi à l' époque qui était pas mal mais là aussi ça ça s'est délité au fil des saisons c'est devenu plus du fantastique du du de l' esothérique même
DVD_RC_1,0780.3460,0783.0640,euh alors_qu' au_début c' était c' était bien c' était réaliste
DVD_RC_1,0784.7569,0788.6299,euh ça c'est je sais pas si c'est lui ou les scénaristes qui ont qui ont déviés mais enfin bon
DVD_RC_1,0790.9327,0792.1426,enfin en_tout_cas il a vendu euh
DVD_RC_1,0793.2156,0795.7449,* le tout_à disney euh j' ai très peur
DVD_RC_1,0797.1518,0800.5964,que tout le film se fasse sur fond vert et que enfin c'est déjà le cas je te dirais
DVD_RC_1,0801.2349,0804.2357,euh je j' avais vu d'ailleurs une image récemment je sais plus où
DVD_RC_1,0804.5009,0806.0167,sur tweeter ou je sais plus où
DVD_RC_1,0806.9963,0808.7128,où euh on voyait george lucas
DVD_RC_1,0809.5807,0810.5090,euh en_fait
DVD_RC_1,0810.7385,0812.9633,euh derrière il_y avait tout le son studio
DVD_RC_1,0813.2826,0815.6901,et les accessoires et donc toutes les répliques et
DVD_RC_1,0816.4205,0817.7994,et euh donc derrière lui
DVD_RC_1,0818.0485,0820.5930,pour le donc sa sa trilogie des années soixantes dix quatre vingt
DVD_RC_1,0821.6055,0822.8079,et donc ça c'est l' image de gauche
DVD_RC_1,0823.3959,0826.0257,et à droite on voit george lucas avec juste un fond vert derrière
DVD_RC_1,0826.8189,0828.0925,pour dire c'est la nouvelle trilogie
DVD_RC_1,0828.8037,0829.7933,donc ça ça veut tout dire quoi
DVD_RC_1,0830.3959,0832.4008,c'est c'est_ça perd un_peu en âme quoi
DVD_RC_1,0832.6961,0835.0176,c'est pour ça qu' il est aussi qu' ils_sont mieux les les les les les les trois premiers
DVD_RC_1,0836.5474,0836.9674,mais
DVD_RC_1,0848.1991,0848.4847,hm
DVD_RC_1,0861.5512,0861.8512,ouais
DVD_RC_1,0866.6310,0866.8962,hm
DVD_RC_1,0869.7541,0870.0112,ouais
DVD_RC_1,0880.1615,0880.5724,d'accord
DVD_RC_1,0885.9505,0886.2519,hm
DVD_RC_1,0888.9730,0889.2624,ouais
DVD_RC_1,0893.2429,0894.7429,oui il_y_a des scènes aussi de
DVD_RC_1,0895.6110,0900.8733,pas vraiment de faux raccords mais des_des choses qui n' ont_pas été corrigées aussi qui font un petit peut tout le le_charme
DVD_RC_1,0901.5286,0906.0414,du film c'est sûr que sur fond vert euh maintenant c'est c'est chirugical quoi il il_y_a rien qui dépasse euh
DVD_RC_1,0910.6431,0911.0368,oh ben oui
DVD_RC_1,0912.0694,0913.5129,ça c'est un autre débat mais c'est clair
DVD_RC_1,0916.3094,0917.0859,* bien_sûr bien_sûr
DVD_RC_1,0917.9095,0918.0984,hm
DVD_RC_1,0921.7879,0922.2017,ouais
DVD_RC_1,0924.9244,0925.4614,cas de le dire
DVD_RC_1,0926.1579,0926.5824,@
DVD_RC_1,0929.7519,0930.0429,ouais
DVD_RC_1,0930.7660,0931.5452,ou- ouais
DVD_RC_1,0936.6745,0945.8697,mh h ouais c'est sûr non mais c'est sûr quand_on regarde la scène d' intro de du du trois donc la revenche des sith
DVD_RC_1,0946.7594,0949.0339,euh elle euh impressionnante quand_même
DVD_RC_1,0949.7874,0953.8394,euh mais mais en_fait l' autre jour sur m six j' ai juste mis ça et après j' ai zappé quoi @
DVD_RC_1,0954.0764,0957.0989,p- mais parce_que je l' ai déjà vu en_fait plein_de fois je je les ais tous en dvd tout_ça
DVD_RC_1,0957.7353,0959.2164,donc_euh même en blue ray tout_ça
DVD_RC_1,0959.7790,0965.8159,donc je les ai déjà vu donc j' allais pas regarder mais euh la scène d' intro tu t' en lasse jamais ça ça c'est clair que là c'est tu en prend plein les mires je l' avais vu au cinéma
DVD_RC_1,0966.6637,0968.1909,euh c' était juste impressionant quoi
DVD_RC_1,0968.7099,0970.2990,t- t' as des sons partout euh
DVD_RC_1,0971.4421,0973.6159,après euh
DVD_RC_1,0975.6740,0980.6454,* au s- niveau du scénario moi je je déjà j' ai peur pour le ça_va être le sept ça_va être une suite
DVD_RC_1,0981.5184,0982.6684,et apparemment il_y_a
DVD_RC_1,0983.2521,0985.6119,euh oui harrison ford
DVD_RC_1,0985.9861,0989.0706,oui il va avoir va y avoir euh les je sais plus comment s'appelle l' actrice
DVD_RC_1,0989.8687,0991.4607,euh elle va revenir
DVD_RC_1,0992.4017,0996.6500,ça_va être ça_va être euh ça_va faire *
DVD_RC_1,0997.2567,0998.3482,un_peu chip quoi
DVD_RC_1,1007.3519,1007.5899,hm
DVD_RC_1,1010.5752,1010.8566,ouais
DVD_RC_1,1021.2959,1021.4952,mh
DVD_RC_1,1035.0026,1038.8993,euh je sais pas ah mon avis ça_va faire un_petit_peu comme euh ils_ont fait avec le un
DVD_RC_1,1039.3159,1044.9222,c'est à dire euh ne_pas mettre tout euh toutes leurs ficelles ne_pas mettre toutes les grosses ficelles tout d'un coup
DVD_RC_1,1045.4909,1047.5057,et faire euh comment dire euh
DVD_RC_1,1048.6781,1051.4279,ben ce qu' on appelle des_des des enfin des arcs scénaristiques secondaires quoi
DVD_RC_1,1051.8350,1059.6050,c'est à dire le un c' était ça q- ils_vont ils_vont prendre anakin bon la course de vaisseaux machin truc bon certes il_y_a euh je sais plus comment il s'appelle euh
DVD_RC_1,1059.9991,1060.6966,euh dark maul
DVD_RC_1,1061.5374,1063.3294,euh qui est qui est
DVD_RC_1,1063.8314,1065.0614,mais euh
DVD_RC_1,1065.3258,1067.6939,et voilà c'est c'est c'est pas non_plus euh
DVD_RC_1,1068.2524,1072.1687,euh c'est c'est pas comme le trois et le six ou là vraiment il_y tout qui se dénoue et tout qui euh
DVD_RC_1,1072.7375,1075.0973,donc à mon avis ça_va être un épisode un_peu relaxe
DVD_RC_1,1076.2582,1078.1467,ils attendent à mon avis de faire une_nouvelle trilogie
DVD_RC_1,1080.8735,1085.2645,mais en_même_temps ça c'est un autre débat aussi_au cinéma qui en ce moment m' horripile
DVD_RC_1,1085.5941,1087.3714,h c'est cette manie
DVD_RC_1,1087.6707,1088.6607,bon là c'est plus pour l' argent hein
DVD_RC_1,1089.0049,1090.7431,en_fait d'ailleurs c'est toujours pour l' argent @
DVD_RC_1,1091.6351,1096.2648,non mais cette manie de de de saccager des films
DVD_RC_1,1096.7027,1098.6720,cultes quoi des_des vraiment des classiques
DVD_RC_1,1099.5304,1101.5776,euh par l' obsession de vouloir tout expliquer
DVD_RC_1,1102.9085,1111.0068,et et et de là né la cette cette folie hein des préquelles des_des des s- des séquelles @ c'est à dire des séquelles
DVD_RC_1,1111.5010,1113.2207,des suites quoi et des préquelles pour tout expliquer
DVD_RC_1,1113.7912,1115.4798,alors_qu' on est très_bien sans explications
DVD_RC_1,1116.7752,1125.5992,euh c'est la ça à été la même_chose avec euh on parle plus_du_tout de ces films @ ça a été la même_chose @ ça a été la même_chose avec euh alien
DVD_RC_1,1127.5106,1132.7397,bon c'est c'est enfin franchement moi qui suis un très grand c'est un c'est dans mon top trois de films préférés alien
DVD_RC_1,1133.4201,1134.3182,euh
DVD_RC_1,1134.7423,1136.2820,prometheus ça à été une une
DVD_RC_1,1136.9505,1137.8554,comment dire une
DVD_RC_1,1138.2695,1139.0152,coquille vide
DVD_RC_1,1139.7585,1146.5348,hors de prix @ euh qui n' a servi à rien qui à déplu à qui voulait faire du fan service en_fait en expliquant toutes les
DVD_RC_1,1146.9607,1149.6015,la mythologie autour_du film alien parce_que maintenant c'est devenue une mythologie hein
DVD_RC_1,1150.4381,1153.5128,et euh qui a voulu faire du fan service en en en expliquant tout
DVD_RC_1,1153.8616,1155.4487,* résultat il s'est planté en beauté
DVD_RC_1,1155.6496,1160.5003,parce_que certes l- il_y des effets spéciaux euh de malade et tout euh ça c'est clair que s' il_y avait eu ces sf- ces effets spéciaux là
DVD_RC_1,1161.5129,1164.6639,en soi- soixante dix neuf avec pour ridley scott pour alien
DVD_RC_1,1164.9773,1166.3464,* c'est clair que là ça aurait pas été la même_chose
DVD_RC_1,1167.1051,1170.1836,mais euh voilà ils_ont voulu tout expliquer résultat euh
DVD_RC_1,1170.8425,1171.2604,c'est nul
DVD_RC_1,1172.4810,1178.3984,c'est nul et ça n' explique rien d'ailleurs enfin c- enfin l' explication elle est forcément elle va convenir à certains et pas_à d'autres
DVD_RC_1,1178.9191,1180.3470,il vaut mieux laisser un part de mystère tu vois
DVD_RC_1,1181.2220,1184.6267,et et c'est ce c'est d'ailleurs ce qu' on compris euh ce qu' a compris euh
DVD_RC_1,1185.4399,1187.2747,je vois recemment les films de christofer nolan
DVD_RC_1,1188.3057,1189.6276,* où il_y_a toujours euh
DVD_RC_1,1190.0559,1190.8209,ouais batman
DVD_RC_1,1191.2950,1195.3944,et_puis bon batman un_peu moins batman parce_que c'est_vrai que c'est un carcan batman c'est une adaptation
DVD_RC_1,1196.1228,1197.6656,batman il_y_a surtout le personnage du joker
DVD_RC_1,1198.0319,1199.0116,ou il_y_a aucun background quoi
DVD_RC_1,1199.3169,1200.8805,c'est juste c'est_ça qui est inquiétant d'ailleurs
DVD_RC_1,1201.5092,1206.4027,à pas expliquer le méchant ouais anakin euh le le méchant mais il est expliqué de long en large quoi
DVD_RC_1,1206.8004,1210.1967,c'est d- de bébé les midicloriens @
DVD_RC_1,1210.5542,1212.9017,ce qui fait de de ça ça ça à_la_fin enfin
DVD_RC_1,1218.0458,1218.3632,mh
DVD_RC_1,1223.9301,1224.5288,h oui oui
DVD_RC_1,1225.2962,1226.3731,nouvelle interprettation oui
DVD_RC_1,1226.9779,1228.1741,bon ça c'est la folie pure ouais
DVD_RC_1,1229.0957,1229.4407,ouais ouais
DVD_RC_1,1230.0987,1230.6452,mais
DVD_RC_1,1231.1082,1233.0128,mais il_y eu plein_d' interpretations du joker mais euh
DVD_RC_1,1233.4072,1236.2417,il s'est enfin christofer nolan il s'est basé euh
DVD_RC_1,1237.7833,1244.5126,sur euh des récentes euh je sais plus le le alan ouais alan moore je sais pas si tu connais c'est un auteur de euh
DVD_RC_1,1245.6081,1249.3619,qui qui euh enfin c'est comment dire pas très unique on va dire
DVD_RC_1,1250.1777,1251.9427,et il a écrit euh
DVD_RC_1,1252.2969,1254.6345,une réinterpretation du joker en_fait
DVD_RC_1,1255.6689,1260.6836,et c'est_ça en_fait + c'est le gars il vient de nullepart on sait pas et à chaque_fois il a une histoire différente
DVD_RC_1,1261.0425,1263.6422,et c'est de cette qu' il s'est qu' il s'est inspiré euh nolan
DVD_RC_1,1263.9715,1265.8959,mais il a eu complètement raison parce_que heath ledger résultat il est
DVD_RC_1,1266.7495,1267.6144,il a eu un oscar
DVD_RC_1,1268.2194,1271.0932,mais je pensais plutôt christofer nolan je pensais plutôt inception quoi
DVD_RC_1,1272.1457,1277.0850,le film à à à à @ à tiroire quoi @ le film tu ouvres un tiroir il_y en à un autre
DVD_RC_1,1277.6515,1281.4938,il_y_a des interprétations en veux tu en voilà j- j- j' avais vu des_des *
DVD_RC_1,1282.0725,1288.5473,comment dire des schémas carrément des schémas avec des sphères des courbes si on suit cette interprétation ça ramène à celle là
DVD_RC_1,1289.3670,1291.8155,c'est c'est mais c'est c'est génial ça
DVD_RC_1,1292.8133,1296.8585,et ce qui est bien c'est qu' il a pas cherché à expliquer quoi il a dit
DVD_RC_1,1297.4013,1302.3802,vous avez ce film je pose ça là @ débrouillez vous avec ça moi je fais mon film suivant
DVD_RC_1,1302.9347,1304.8161,et il a pas_à faire de des explications quoi
DVD_RC_1,1306.1460,1308.0407,* donc ça c'est euh voilà
DVD_RC_1,1308.7292,1313.5612,inse- oui bon inseption bon après l' inseption on l' aime ou on n' aime pas quoi c'est_vrai que si c- c- c'est assez bizarre comme film
DVD_RC_1,1316.0905,1319.7996,bon moi je je je c'est pas mon mon nolan préféré mais c'est_vrai qu' il est pas mal quoi
DVD_RC_1,1321.0367,1322.3827,euh
DVD_RC_1,1324.4730,1325.9357,très bon j' ai pas vu le deux
DVD_RC_1,1326.2301,1327.9939,je l' ai mais euh j' ai euh + *
DVD_RC_1,1328.6809,1332.0727,voilà je l' ai @ on va pas dire plus h mais j' ai j' ai pas vu le deux
DVD_RC_1,1332.3970,1333.3187,mais il doit être super quoi
DVD_RC_1,1334.2399,1335.5014,mais mais le un était génial ouais
DVD_RC_1,1335.8991,1338.4087,ils_ont fait vraiment euh ben c'est la pâte d' abrahams quoi
DVD_RC_1,1338.7381,1342.7422,quand vraiment il s' y met à fond qu' il fait tout le job enfin pas le un_peu du scénario quand_même
DVD_RC_1,1343.6153,1345.4359,qu' il réalise et tout euh c'est_bien
DVD_RC_1,1345.8894,1348.8924,mais quand il f- qu' il crée une série et dit bon_ben j' ai créer cette série
DVD_RC_1,1349.4080,1350.5689,mais je je vais autre part
DVD_RC_1,1351.0510,1352.2971,après ça devient n' importe quoi la série
DVD_RC_1,1353.0853,1357.7500,non c'est généralement c'est le cas * mais non mais généralement c'est le cas
DVD_RC_1,1358.0925,1362.9352,et il a créé une_nouvelle série je crois c'est euh enfin co co créé c'est euh *
DVD_RC_1,1363.9960,1369.0006,hu- human euh un truc comme ça où c'est des_des des robots enfin des robots à l' apparence humaine
DVD_RC_1,1369.6990,1370.7537,il me semble que c'est lui qui a créé ça
DVD_RC_1,1377.6531,1379.1275,série suédoise sur arte
DVD_RC_1,1383.1708,1383.6007,ah oui voilà
DVD_RC_1,1384.0226,1384.3159,voilà
DVD_RC_1,1385.0712,1388.4273,il a adapté non non il a adapté cette série donc
DVD_RC_1,1388.9942,1392.8039,qui est elle à l' air très bonne hein la la série originale j' ai pas vu mais
DVD_RC_1,1393.1776,1395.0349,il l' a adaptée en version américaine
DVD_RC_1,1395.4922,1397.0880,avec d'ailleurs celui_qui joue le
DVD_RC_1,1397.8753,1398.9655,le docteur dans startrek
DVD_RC_1,1400.3557,1402.4264,euh qui joue le le le héros
DVD_RC_1,1403.1149,1404.3987,et bon_ben voilà quoi
DVD_RC_1,1404.6291,1406.2189,il a il a mis sa marque estampillée mais
DVD_RC_1,1406.9311,1408.5945,ça à pas l' air de faire un un grand carton quoi
DVD_RC_1,1408.9843,1410.6648,ça_va pas rester dans les mémoires *
DVD_RC_1,1411.3441,1413.7677,ah c'est voilà c'est le problème de mais bon
DVD_RC_1,1414.0892,1415.3882,c'est_vrai que le premier startrek il est super
DVD_RC_1,1415.7474,1417.0474,moi j' ai vraiment aimé euh
DVD_RC_1,1418.1949,1423.5944,il est bien rythmé tout_ça donc_euh puis c'est c- ça fait plaisir aux fans ça fait plaisir à ceux_qui connaissent pas la série euh
DVD_RC_1,1424.9264,1430.0296,non et_puis le deux j' ai pas vu mais il_y_a * comment il s'appelle cet acteur dont tout_le_monde parle là
DVD_RC_1,1430.8428,1431.4077,qui joue le méchant
DVD_RC_1,1432.3955,1433.1384,qui joue dans sherlock
DVD_RC_1,1434.1631,1434.5030,ah ouais
DVD_RC_1,1434.8972,1436.5319,j' ai p- j' ai j' ai pas vu sherlock encore
DVD_RC_1,1437.3151,1437.6084,non
DVD_RC_1,1438.8129,1440.6942,mais je je suis pas trop euh
DVD_RC_1,1441.5061,1443.7507,euh penché sur les séries euh britaniques
DVD_RC_1,1444.3045,1446.5625,donc c'est pour ça en_fait que je j' en zappe plein quoi non
DVD_RC_1,1447.6422,1450.9109,j' en zappe broad search aussi qui va être avec euh david tenant bon
DVD_RC_1,1451.2886,1452.8204,sans parler de docteur who où j' ai rien suivi quoi
DVD_RC_1,1453.8531,1457.1087,donc_euh mais je suis je suis plutôt afficionados des séries américaines
DVD_RC_1,1458.3302,1458.9208,ça à l' air bien hein
DVD_RC_1,1460.1664,1460.9297,@
DVD_RC_1,1462.6344,1462.9332,ouais ouais
DVD_RC_1,1463.7353,1465.2915,ah oui disons que c'est format vraiment anglais quoi
DVD_RC_1,1465.9750,1466.2837,d'accord
DVD_RC_1,1473.0159,1473.2409,hum
DVD_RC_1,1475.2574,1481.1060,oui c'est pas les les experts où le gars il a ou mentalist oui d' illumination bien_sûr euh ouais
DVD_RC_1,1486.6913,1487.0175,oui oui
DVD_RC_1,1489.2174,1490.9571,ben par le hobbit en_fait actuel
DVD_RC_1,1492.1194,1493.7216,c'est lui oui
DVD_RC_1,1494.0149,1494.3202,ouais ouais
DVD_RC_1,1495.0676,1499.4324,@ et ben euh s- non je vais avoir du mal parce_que je n' ai pas vu encore
DVD_RC_1,1499.7567,1500.3867,ni le un ni le deux
DVD_RC_1,1501.7038,1503.3466,je n' ai pas vu parce_que j' ai peur
DVD_RC_1,1503.5997,1508.7207,@ [i m scared] j' ai peur non mais après un monument euh
DVD_RC_1,1509.0702,1511.5212,onze fois os- onze fois oscarisé ou douze je sais plus
DVD_RC_1,1512.1439,1517.6395,enfin bref après ce monument voilà j' ai j' ai peur qui a fait toute mon adolescence quand_même j' étais seigneur des anneaux on étaient là
DVD_RC_1,1518.1982,1520.1217,pour certain c' était twilight pour moi c' était seigneur des anneaux
DVD_RC_1,1520.8017,1524.6279,mais euh j' ai j' ai un_peu peur mais il ça à l' air génial hein parce_que bon c'est peter jackson
DVD_RC_1,1525.0739,1527.3651,mais là aussi quoi l' argent + l' argent l' argent quoi
DVD_RC_1,1527.6344,1529.0742,la la préquelle à rallonge quoi
DVD_RC_1,1529.4834,1530.2179,l' arccordéon quoi
DVD_RC_1,1530.6774,1532.4321,le le bouquin apparemment il fait cent pages quoi
DVD_RC_1,1536.1223,1536.3352,d'accord
DVD_RC_1,1537.0723,1541.0059,mais c'est pas le * @ le pa- les pavés de seigneur des anneaux
DVD_RC_1,1541.9888,1543.4722,là c'est *
DVD_RC_1,1552.0350,1552.3590,oui
DVD_RC_1,1553.2509,1553.4358,ah
DVD_RC_1,1557.0057,1557.3222,d'accord
DVD_RC_1,1558.0976,1558.5195,mais c'est beau
DVD_RC_1,1559.9711,1560.2563,ouais
DVD_RC_1,1561.1523,1561.4496,@
DVD_RC_1,1562.9483,1567.6742,puis la nouvelle zélande mais il_y_a un mélange avec lui avec peter jackson entre incrustation des effets spéciaux et décors réels
DVD_RC_1,1568.1537,1568.6237,c'est_ça qui est bien
DVD_RC_1,1574.0571,1574.2316,hm
DVD_RC_1,1578.8033,1579.1087,ouais
DVD_RC_1,1584.6102,1590.5790,ah ben là oui mais c'est mais rien que mais c'est bizarre qu' ils ils_vont être nommés aux oscars bientôt ou ils attendent qu' il_y ai les trois films
DVD_RC_1,1591.0611,1592.0184,comme le seigneur des anneaux en_fait
DVD_RC_1,1593.2795,1595.1993,parce_que c'est je crois que le seigneur des anneaux c'est le
DVD_RC_1,1595.8878,1597.4397,le troisième qui a reçu les onze oscars en_fait
DVD_RC_1,1598.1808,1600.0886,donc ils pouvaient pas donner répartir équitablement
DVD_RC_1,1600.5345,1604.7982,donc ils_ont donné troisième et pareil pour les décors tout_ça mais ils_vont recevoir aussi pour les décors c- ça c'est clair
DVD_RC_1,1605.4568,1607.4033,oh quoi que c'est les mêmes hein ils les ont déjà eu donc_euh
DVD_RC_1,1608.0663,1608.9197,c'est quasiment les mêmes
DVD_RC_1,1612.2219,1613.6322,h mais oui mais c'est pareil
DVD_RC_1,1614.0014,1617.6259,c'est quand tu fais une une préquelle ou ou une suite tu as tendance à
DVD_RC_1,1618.2295,1621.1135,ben le scénario te * te paraît secondaire quoi
DVD_RC_1,1621.3688,1623.1619,te paraît pas aussi épique et
DVD_RC_1,1624.2149,1627.0592,et que s- seigneur des anneaux quoi
DVD_RC_1,1630.9730,1631.0632,ah
DVD_RC_1,1631.7904,1633.5222,cinq minutes @ d'accord
DVD_RC_1,1638.5014,1638.7184,mh
DVD_RC_1,1648.2963,1648.5535,mh
DVD_RC_1,1649.5981,1651.8187,h ouais c'est clair
DVD_RC_1,1654.6529,1655.0077,mh
DVD_RC_1,1657.6883,1657.9897,@
DVD_RC_1,1660.2768,1660.6627,oui oui
DVD_RC_1,1661.2332,1662.9338,scénario même oui c'est un truc ouais
DVD_RC_1,1663.5325,1663.9343,ouais ouais
DVD_RC_1,1664.1955,1665.6540,c'est clair c'est un truc industriel quoi
DVD_RC_1,1666.0769,1666.9247,* ouais
DVD_RC_1,1667.6600,1667.8247,bon
DVD_RC_1,1671.2491,1671.2891,h
DVD_RC_1,1672.5391,1677.0162,ah h. oui pécunier ouais oui oui
DVD_RC_1,1677.6249,1679.6004,oui c'est clair que c'est pas un truc humaniste hein
DVD_RC_1,1679.8736,1681.0385,h non non
DVD_RC_1,1685.2467,1689.1370,* non non mais si si le but même il peut y avoir un un twist dedans ou
DVD_RC_1,1689.6956,1691.1724,qui fait que voilà euh
DVD_RC_1,1691.4917,1692.6266,par_exemple euh
DVD_RC_1,1693.7043,1697.8270,comment dire pour citer un autre de mes films préférés * euh d- dans blade runner
DVD_RC_1,1698.0721,1698.9172,en_fait euh
DVD_RC_1,1699.7475,1700.8275,* euh decard enfin
DVD_RC_1,1701.3875,1703.1116,harrisson ford il est engagé pour euh
DVD_RC_1,1703.8321,1707.1317,pour tuer des_des des_des ro- humanoïdes robots
DVD_RC_1,1707.9448,1711.7248,euh bon là aussi hein c'est pour l' argent euh le type enfin c'est
DVD_RC_1,1712.0148,1714.2445,comment il c'est l' anti héro parfait quoi le type il est détestable
DVD_RC_1,1715.0239,1719.7862,et mais là par_contre s' il_y_a un il_y_a quelque_chose qui se cache derrière finalement il va voir que les euh
DVD_RC_1,1720.2503,1722.1539,leur cause est juste etcetera etera
DVD_RC_1,1722.5838,1728.1657,que ce peut_être c'est lui même un * j- je veux pas te @ si tu as pas vu je vais pas @ s-
DVD_RC_1,1728.9497,1730.3747,mais euh voilà
DVD_RC_1,1734.9404,1735.1511,hm
DVD_RC_1,1736.6819,1737.2926,que j' aime bien hein
DVD_RC_1,1737.8512,1740.6061,que bon ça c- c'est un_peu moins bien mais *
DVD_RC_1,1741.1599,1741.6582,ça passe
DVD_RC_1,1742.6579,1746.6736,ça passe parce_que c'est c'est c'est des films ça c'est qui se prennent qui se prennent pas au sérieux
DVD_RC_1,1746.9519,1748.5339,mais il_y_a quand_même un mythologie terminator hein
DVD_RC_1,1749.1004,1755.9330,je je ne suis absolument plus la la frise temporelle je * suis complètement largué h dans le dernier je sais plus qui est le père du fils de_quoi
DVD_RC_1,1756.4152,1757.6779,john connor sarah
DVD_RC_1,1757.8787,1758.0073,<p
DVD_RC_1,1758.4734,1759.4136,je suis largué
DVD_RC_1,1759.7818,1765.4712,moi je je retiens juste qu' il_y_a un caméo de swarzy à_la_fin en images de synthèses complètement foirées d'ailleurs
DVD_RC_1,1766.1216,1768.4641,mais c'est juste voilà ce que je retiens mais il est bien
DVD_RC_1,1768.8686,1769.8835,mais il le dernier est noir
DVD_RC_1,1770.8714,1774.4711,enfin le * les le premier était très noir aussi mais dans une ambiance urbaine
DVD_RC_1,1775.2892,1779.1992,là c'est noir dans une ambiance post apocalyptique totalement folle
DVD_RC_1,1783.2664,1783.5638,ouais
DVD_RC_1,1786.3128,1786.5059,oui
DVD_RC_1,1787.5162,1790.3859,c'est c'est le meilleur de la de la trilogie de de nolan
DVD_RC_1,1794.8020,1795.4720,ah j' ai pas vu le dernier
DVD_RC_1,1797.0387,1801.2719,ouais mais c'est mais harry potter c' était oui si tu veux au_début c' était blanc un_peu a- à_la_fin c'est_ça
DVD_RC_1,1801.5492,1804.7686,c'est c'est shades of grey enfin c'est assez
DVD_RC_1,1807.5579,1809.7179,oui mais * ouais mais ça c'est du marketing c-
DVD_RC_1,1812.4917,1818.7450,parce_que je sais plus qui qui a réalisé les_plus enfin les les les suivants je crois qu' il_y avait alphonso quaron aussi un moment
DVD_RC_1,1819.9756,1821.2022,qui a réalisé euh
DVD_RC_1,1822.5401,1822.9541,toujours le même
DVD_RC_1,1825.3939,1825.8158,t' es sûr
DVD_RC_1,1826.4989,1827.5957,* d'accord
DVD_RC_1,1829.6371,1829.8549,ah
DVD_RC_1,1831.1294,1831.5444,d'accord
DVD_RC_1,1833.2057,1833.6007,d'accord
DVD_RC_1,1834.1350,1835.8788,* euh ouais
DVD_RC_1,1836.5164,1839.4409,ben @ bon moi je suis pas un je suis pas fan d' harry potter mais j- j' ai
DVD_RC_1,1839.8500,1841.9749,j' ai regardé les premiers je me suis arreté euh
DVD_RC_1,1842.5286,1846.5172,à euh * j' ai pas vu les deux derniers
DVD_RC_1,1847.4295,1849.2947,qui sont en deux parties d'ailleurs enfin c'est le dernier en grosso_modo
DVD_RC_1,1850.1479,1852.1121,euh * ouais je me suis arreté là je
DVD_RC_1,1852.4540,1854.5512,j' avais pas le besoin de voir l- la suite
DVD_RC_1,1854.8447,1855.2756,étonnament
DVD_RC_1,1856.7574,1856.9391,non
DVD_RC_1,1857.7809,1858.6708,non non non_plus
DVD_RC_1,1859.7137,1862.2534,non_plus je les ai pas lu euh c'est pour ça je suis pas réceptif
DVD_RC_1,1863.0167,1864.0516,malheuresement c'est_ça quoi
DVD_RC_1,1864.8497,1867.0021,euh bon après c'est pas obligé de lire euh
DVD_RC_1,1874.1280,1875.5383,euh non * ouais non
DVD_RC_1,1876.2174,1878.4564,sur le moment je j' avais d'autres lectures quoi je
DVD_RC_1,1879.5943,1880.8289,bon après euh
DVD_RC_1,1882.5718,1884.0233,h. enfin voilà quoi *
DVD_RC_1,1884.3285,1888.2221,les premiers ils_ont veillis * les premiers harry potter on les voit tout bébé là
DVD_RC_1,1888.6128,1893.6502,@ on dirait des minimoys là c'est ils_ont vraiment vieillis à_la_fin peut_être euh c'est pas mal
DVD_RC_1,1894.2340,1897.6312,mais il était temps que ça s' arrête et_puis euh le le dernier en deux parties c'est bon quoi
DVD_RC_1,1898.3866,1901.2604,c'est bon est ce qui j- * même euh
DVD_RC_1,1904.6148,1914.6605,et en_plus même + g- euh george lucas a resisté à_faire des starwars en deux parties bon il a fait une trilogie mais * mais euh mais euh comment dire
DVD_RC_1,1915.2592,1918.5659,peter jackson aussi hein il fait trois tomes alors_que au_début il voulait en_fait qu' un euh
DVD_RC_1,1919.1270,1924.5507,après le le dieu argent hollywoodien à frappé toc toc euh * voilà quoi
DVD_RC_1,1929.1442,1931.3431,* mais c'est sûrement c'est justement si ça marche
DVD_RC_1,1931.8092,1936.7804,euh que c'est le danger ils_vont pas ils_vont faire ils_vont répéter les mêmes erreurs quoi les mêmes *
DVD_RC_1,1937.0242,1939.0907,ouais c'est après si c'est_bien
DVD_RC_1,1940.4940,1946.9329,si c'est_ça ça peut donner de mauvaises idées à d'autres qui pour faire des enfin comme comme je te disais des_des préquelles tout_ça à plus savoir qu' en faire
DVD_RC_1,1947.7887,1948.2743,mais
DVD_RC_1,1954.5599,1954.9066,oui
DVD_RC_1,1958.0285,1959.2671,h non non c'est sûr
DVD_RC_1,1967.0037,1967.2935,mh
DVD_RC_1,1975.0510,1975.3751,ouais ouais
DVD_RC_1,1978.9637,1980.5754,oh le reboot de spiderman
DVD_RC_1,1982.3644,1990.7523,* mais ils y je veux dire au_moins un_peu de distance que ce soit légitime qu' il_y ait une_autre histoire à racconter là c'est la même_chose à même_pas dix ans d' écart
DVD_RC_1,1991.1864,1992.6283,j' ai l' impression de d'être déjà vieux
DVD_RC_1,1992.9940,1996.0900,@ comme euh @ c'est horrible
DVD_RC_1,1996.4946,2001.0600,c'est horrible mais je veux dire les adolescents de maintenant il peuvent voir les l- la trilogie spiderman de sam remi elle est excellente
DVD_RC_1,2001.6122,2002.8720,pourquoi faire une_nouvelle trilogie
DVD_RC_1,2006.2202,2010.9071,ah oui là ça rapporte et_puis en_plus le le nouveau que je le seul que j' ai vu enfin j' ai quand_même vu le le reboot
DVD_RC_1,2012.4099,2016.0752,il est nul quoi c'est c'est la ver- c'est la même version que que le film de sp- sam remi
DVD_RC_1,2017.5581,2018.7279,mais pour les débiles mentaux
DVD_RC_1,2019.0129,2021.8969,euh pour ceux_qui n' ont qui n' ont qui ne connaissent rien à ce spiderman
DVD_RC_1,2022.7052,2028.1639,pour eux ceux_qui disent ah qu' est ce que c'est c'est un homme araignée comment il a eu ses pouvoirs euh qui c'est il faut tout expliquer pourquoi pourquoi pourquoi
DVD_RC_1,2028.4613,2031.1057,* donc voilà + et_puis il_y_a plus willem dafoe
DVD_RC_1,2032.4227,2034.0426,il_y_a plus willem dafoe qui jouait le
DVD_RC_1,2034.5548,2035.5461,* comment dire le
DVD_RC_1,2036.2152,2036.7889,le frelon vert
DVD_RC_1,2037.9068,2041.7485,* donc ça rien que pour ça ça ne mérite pas + de voir les suivants
DVD_RC_1,2042.2215,2043.5297,voilà c'est c'est catégorique
DVD_RC_1,2044.1734,2047.6782,mais c'est pareil mais j- j' ai regardé sur c'est là
DVD_RC_1,2048.2420,2053.6514,euh il_y_a souvent des_des articles euh puis tout_le_monde s' horrifie
DVD_RC_1,2054.3898,2057.3192,de voir des_des suites ou des préquelles quoi et j' en reviens quoi
DVD_RC_1,2057.9751,2059.9624,euh la suite de de raging bull
DVD_RC_1,2064.3150,2065.0917,non
DVD_RC_1,2066.3329,2071.3764,ah ben non mais imdb c'est c'est c'est le gros foutoir hein c'est l' internet dans toute sa splendeur
DVD_RC_1,2075.7489,2081.1927,oui mais enfin quand ils t' annoncent euh bon qu' ils_vont faire la suite de de raging bull qu' ils_vont faire un
DVD_RC_1,2081.8662,2084.8179,ridley scott qui qui qui le pauvre il devient sénile
DVD_RC_1,2085.1935,2087.4856,il il veut faire la suite de de blade runner f-
DVD_RC_1,2087.7774,2092.2766,* enfin bon bref @ ça l' a pas suffit le de faire prometheus quoi
DVD_RC_1,2092.9052,2096.5247,euh et plein d'autres films aussi ils veulent ils veulent faire shining deux
DVD_RC_1,2097.4426,2098.1118,shining deux
DVD_RC_1,2100.8969,2101.6315,qui qui se f-
DVD_RC_1,2102.3929,2104.8347,bon remarque comment dire euh
DVD_RC_1,2105.5739,2107.3828,* euh l' auteur euh
DVD_RC_1,2107.8156,2108.8009,dont le nom m' échappe
DVD_RC_1,2110.6169,2112.0967,euh l' auteur de shining
DVD_RC_1,2112.7404,2115.6350,il a il a écrit la suite hein il vient de la sortir mais bon après euh
DVD_RC_1,2116.7771,2117.8983,on peut avoir mais bon
DVD_RC_1,2118.6807,2125.0350,mais stanley kubrick il faut pas toucher @ il faut pas toucher ça @ c'est c'est comme dans une vitrine de musée il faut pas toucher
DVD_RC_1,2125.6757,2130.9178,sinon euh c'est_ça c'est les monuments du cinéma quoi c'est l' histoire du cinéma maintenant c'est comme melies ou quoi stanley kubrick maintenant c'est
DVD_RC_1,2131.3902,2133.1253,tu touches pas quoi c'est truc euh
DVD_RC_1,2134.8529,2135.4767,enfin bon bref
DVD_RC_1,2136.2508,2139.5130,* je je je vais m' énerver attention ça_va taper
DVD_RC_1,2140.1706,2142.9638,bon_ben on n' a pas trop parlé de de ces magnifiques films
DVD_RC_1,2143.2332,2144.3352,dont il_y_a tant à dire
DVD_RC_1,2144.7873,2147.3819,surtout sur_ce film là
DVD_RC_1,2147.6536,2149.2162,non non non je je plaisante bien_sûr
DVD_RC_1,2150.9725,2153.2725,mais alors moi de_toute_façon j' ai vu ça j' ai vu ça
DVD_RC_1,2154.4046,2154.8239,ah ben ça
DVD_RC_1,2155.4445,2160.3032,ça_va dans la même catégorie * euh ça ça * ça ne m' intéresse pas trop
DVD_RC_1,2162.5082,2165.3179,euh ça ne m' intéresse pas trop non_plus
DVD_RC_1,2165.7969,2166.3669,c'est quoi ça
DVD_RC_1,2166.6069,2167.9132,ah oui c'est halloween ah ben ça ça m' intéresse
DVD_RC_1,2168.5151,2170.2301,ah déjà ah ben si tu veux si tu l' as p- tu l' as pas vu
DVD_RC_1,2174.7144,2175.3518,ça ça dépent
DVD_RC_1,2176.1334,2177.4157,ben ben oui mais parce_que ouais
DVD_RC_1,2177.9994,2178.2543,enfin
DVD_RC_1,2180.3617,2182.0549,il_y_a tellement de sous genres dans l' horreur
DVD_RC_1,2183.3716,2183.9231,que
DVD_RC_1,2192.4547,2195.9242,les zombies ouais i- il_y en a eu des sur les zombies hein
DVD_RC_1,2198.7084,2198.9499,mh
DVD_RC_1,2203.3695,2210.2009,mais si si il_y en a un pour mettre en déca- c'est pour mettre en dérision l' amérique et critiquer ce la critiquer sous toutes ces formes c'est_bien carpenter
DVD_RC_1,2210.6907,2211.9486,avec tout ses films euh
DVD_RC_1,2212.5465,2214.7227,euh new_york mille neuf cent quatre vingt dix sept euh
DVD_RC_1,2216.0398,2219.1642,los_angeles deux mile treize euh qu' est ce qu' il_y_a eu aussi euh
DVD_RC_1,2220.0622,2221.9409,enfin il a il en a eu des tas bon halloween un
DVD_RC_1,2222.9145,2225.8002,qui est qui est qui est pas mal aussi le d- le deux je me souviens plus_du_tout *
DVD_RC_1,2227.2647,2233.0040,euh enfin c'est c'est vraiment john carpenter qui qui ne qui n' avait jamais de studio derrière lui qui a tout fait tout seul
DVD_RC_1,2236.5875,2239.8154,h bon c'est pas le meilleur film de car- il a fait the thing aussi je sais pas si tu connais the thing
DVD_RC_1,2240.0904,2241.2907,qui est aussi un meilleur film d' horreur de
DVD_RC_1,2242.2585,2245.7234,avec kurt russel où ils_sont dans une base en a- dans l' arctique ou dans l' antarctique
DVD_RC_1,2246.4506,2246.8950,enfin dans la neige
DVD_RC_1,2247.7289,2250.5556,et euh ils font des fouilles archéologiques
DVD_RC_1,2251.5060,2257.7897,et ils déte- déterrent quelque_chose quoi bon c'est c'est un le le remake de la chose c'est un d- un vieux film des années cinquantes * même avant
DVD_RC_1,2258.7859,2261.0473,de_toute_façon ici c'est que des remakes de remake hein q- quand tu regardes
DVD_RC_1,2261.8756,2262.9655,hum
DVD_RC_1,2264.1979,2265.6929,et et et bon et ce film il est bon
DVD_RC_1,2266.4065,2267.0763,là aussi
DVD_RC_1,2267.3158,2268.1306,il_y_a eu un remake
DVD_RC_1,2268.3320,2272.4086,récemment qui qui qui est une préquelle
DVD_RC_1,2272.7728,2275.1500,euh mais c'est une fausse préquelle c'est un remake en_fait c'est la même_chose
DVD_RC_1,2275.8050,2276.4064,à l' ère moderne
DVD_RC_1,2277.2694,2282.0432,euh et qui n' a même_pas eu la flemme de changer le nom donc c'est the thing pour tromper tout les spe- téléspectateurs les jeunes surtout
DVD_RC_1,2283.3879,2285.0684,donc bon ça c'est un_peu domage quoi
DVD_RC_1,2285.8375,2288.7534,bon ceci dit the thing c' était la même_chose que la chose hein
DVD_RC_1,2289.3472,2292.3369,c- je traduis le titre hein h donc_euh mais bon voilà
DVD_RC_1,2293.3948,2294.0107,oui ben ouais
DVD_RC_1,2294.5776,2294.8930,ouais ouais
DVD_RC_1,2295.8871,2298.8716,mais là aussi c'est c'est de l' horreur euh
DVD_RC_1,2299.3555,2301.2651,enfin une grande partie suggerée quoi on voit rien quoi
DVD_RC_1,2302.2331,2305.6375,c'est c'est_ça qui est qui est l- qui fait le plus flipper moi il_y_a différents types d' horreur mais euh
DVD_RC_1,2306.0517,2306.7814,le truc qu' on voit pas
DVD_RC_1,2308.2783,2310.8143,qui finit comme alien un_petit_peu hein q- le premier on le voit quasiment pas
DVD_RC_1,2311.5355,2312.3314,mis à part une minute
DVD_RC_1,2312.7339,2313.7369,mais dans les suivants ben
DVD_RC_1,2314.2267,2316.2167,on en voit une tripotée quoi surtout james cameron
DVD_RC_1,2316.7602,2317.4143,mais ils_sont bons quand_même
DVD_RC_1,2318.8509,2319.1897,mais bon
DVD_RC_1,2321.2326,2321.5353,oui
DVD_RC_1,2321.7500,2323.0164,ben écoute euh
DVD_RC_1,2323.9046,2324.3044,d'accord
DVD_RC_1,2326.6542,2327.9341,h.
DVD_RC_1,2328.5144,2329.2230,il_y eu un clap
DVD_RC_1,2330.5807,2332.2857,@ clap clap
DVD_RC_1,2333.5302,2334.8527,oh ben au_moins ils auront de la matière
DVD_RC_1,2335.4364,2336.1945,puis on était les derniers
DVD_RC_1,2340.8111,2343.5056,beh ouais là je leur souhaite bon courage
DVD_RC_1,2343.9048,2345.3649,j' ai l' impression de pas avoir arrêter arrêter de parler
DVD_RC_1,2347.0791,2348.3311,il_y_a pas eu trop de blanc en_fait
