DVD_ED_1,0012.9201,0013.2317,clap
DVD_ED_1,0017.6697,0018.7498,@
DVD_ED_1,0022.6675,0023.0580,mh mh
DVD_ED_1,0026.2777,0030.9444,@ merci @
DVD_ED_1,0031.1915,0032.1740,mh mh @
DVD_ED_1,0033.3700,0036.6812,@
DVD_ED_1,0038.8055,0040.1943,ouais celui là il est passé hier soir
DVD_ED_1,0042.1472,0042.4920,hollywoo
DVD_ED_1,0042.8887,0043.4450,non hollywoo
DVD_ED_1,0044.7770,0045.3486,tu l' as jamais vu
DVD_ED_1,0046.5450,0049.9237,en_fait c'est hollywoo parce_que vers la fin du film ils font tomber le d
DVD_ED_1,0051.1817,0052.2965,donc voilà et du_coup
DVD_ED_1,0052.7555,0053.0153,ouais
DVD_ED_1,0054.0687,0056.6926,et du_coup en gros florence foresti elle est euh
DVD_ED_1,0056.9184,0057.8764,elle fait là voix fém-
DVD_ED_1,0058.0847,0058.9727,la voix française
DVD_ED_1,0059.3020,0059.8969,d'un actrice
DVD_ED_1,0061.0687,0062.9092,et elle apprend que l' actrice veut démissionner
DVD_ED_1,0063.4935,0066.7776,donc elle part à hollywood pour euh la faire changer d' avis pour pas perdre son boulot quoi
DVD_ED_1,0068.0350,0068.3599,donc voilà
DVD_ED_1,0068.8638,0069.2479,il est sympa
DVD_ED_1,0073.7211,0074.2899,mh
DVD_ED_1,0074.5705,0075.3653,il a peut_être deux trois ans
DVD_ED_1,0076.4130,0076.5302,alors
DVD_ED_1,0078.7289,0079.3539,euh
DVD_ED_1,0080.2105,0080.8635,si normalement oui
DVD_ED_1,0082.6461,0084.3363,hé tu vois + deux trois ans hé
DVD_ED_1,0087.2235,0087.3669,ouais
DVD_ED_1,0088.9542,0089.5522,euh
DVD_ED_1,0091.5413,0092.4412,j- celui là je connais pas
DVD_ED_1,0092.8695,0093.5560,c'est quoi le titre
DVD_ED_1,0095.0231,0095.4943,mh mh
DVD_ED_1,0097.5350,0099.1650,@ carrément
DVD_ED_1,0100.6150,0101.5949,mh ça donne envie
DVD_ED_1,0104.5440,0104.9240,mh mh
DVD_ED_1,0119.6742,0126.5438,@ mh mh
DVD_ED_1,0128.4609,0130.2354,tu crois que celui là on peut le mettre de côté pour personne
DVD_ED_1,0130.8791,0134.3538,@ ok
DVD_ED_1,0134.5766,0136.4121,h vas y prend ça la citrouille là fait voir
DVD_ED_1,0136.8112,0137.1361,c'est quoi
DVD_ED_1,0138.6048,0140.1241,putain j' en ai jamais vu aucun des halloween
DVD_ED_1,0140.8525,0141.6788,je sais même plus ce que c'est
DVD_ED_1,0144.7630,0145.4877,ouais + mh mh
DVD_ED_1,0146.7797,0147.5010,mh mh
DVD_ED_1,0147.9740,0148.2250,ouais
DVD_ED_1,0149.9403,0156.4339,qui a l' air bien vieux @ interdit aux moins_de douze ans j' ai pas le droit @
DVD_ED_1,0157.7309,0158.1909,mh mh
DVD_ED_1,0159.3334,0160.2890,ouais après c'est
DVD_ED_1,0160.6246,0161.9152,c'est le même délire que les euh
DVD_ED_1,0162.2204,0163.3064,que les saw et compagnie
DVD_ED_1,0166.9236,0167.2501,je sais pas
DVD_ED_1,0169.3653,0173.2043,oui c'est pour ça que je les ai jamais regardés
DVD_ED_1,0174.5071,0174.7752,ouais
DVD_ED_1,0176.3447,0177.1857,@
DVD_ED_1,0181.9116,0182.7212,d'accord
DVD_ED_1,0184.2779,0184.7802,mh mh
DVD_ED_1,0185.2287,0185.4637,ouais
DVD_ED_1,0186.3847,0189.5792,non moi j' ai juste regardé euh comment il s'appelle l' exorciste
DVD_ED_1,0190.0232,0192.1577,mais je devais avoir treize treize ans ou un truc comme ça
DVD_ED_1,0194.8115,0195.3485,c'est
DVD_ED_1,0196.8739,0200.5094,ouais enfin moi je me rappelle surtout la scène de l' exorcisme dans sa chambre
DVD_ED_1,0200.9928,0204.4278,avec la croix et tout enfin que ça part dans un bain de sang h
DVD_ED_1,0204.8397,0206.8697,mais j' étais j' étais gamine quand je l' ai vu quoi
DVD_ED_1,0207.4397,0207.5437,et
DVD_ED_1,0209.3727,0209.6253,ouais
DVD_ED_1,0212.5317,0213.4613,ouais ben moi pareil ouais
DVD_ED_1,0213.7450,0214.5392,mais euh
DVD_ED_1,0215.0951,0220.5300,voilà ben depuis tout ce qui est saw et compagnie euh non + c'est bon @ je regarde pas h je regarde
DVD_ED_1,0220.8437,0222.9747,les remakes en mode scary movie et
DVD_ED_1,0224.6609,0224.9090,voilà
DVD_ED_1,0225.1440,0226.8442,c'est_ça @
DVD_ED_1,0228.2062,0228.5254,mh mh
DVD_ED_1,0231.3920,0232.3818,moi je les ai tous vu je crois
DVD_ED_1,0234.4552,0235.1719,c'est lesquels ceux là
DVD_ED_1,0238.7314,0239.2104,ouais je crois
DVD_ED_1,0239.6467,0242.1646,je crois que c'est pas le meilleur non string academy c'est après
DVD_ED_1,0242.9548,0243.5559,euh
DVD_ED_1,0243.8793,0244.5544,c' était quand ça
DVD_ED_1,0245.1768,0246.6753,ouais en_fait tu as vu les premiers
DVD_ED_1,0248.8633,0249.6108,regarde fais voir
DVD_ED_1,0249.9891,0251.4453,là celui là euh
DVD_ED_1,0251.7046,0252.5925,lui stifler
DVD_ED_1,0254.4544,0256.4232,en_fait lui euh
DVD_ED_1,0256.6917,0258.2874,dans celui là c'est ses cousins je crois
DVD_ED_1,0259.5721,0264.1317,il me semble que c'est ses cousins qui vont à l' université pour un week end portes ouvertes un truc comme ça
DVD_ED_1,0264.7148,0266.3873,bon c'est du gros délire american pie quoi
DVD_ED_1,0267.1195,0267.8838,mais euh
DVD_ED_1,0268.3499,0271.9327,après enfin voilà c'est pas comme ceux avec la bande du début quoi c'est pas pareil quoi
DVD_ED_1,0274.4823,0274.8350,donc voilà
DVD_ED_1,0277.4689,0277.7099,oui
DVD_ED_1,0277.9144,0279.0768,il est énorme + tu l' as vu evan
DVD_ED_1,0279.2995,0279.7054,tout puissant
DVD_ED_1,0281.2469,0281.8846,* @
DVD_ED_1,0282.1439,0282.7602,c'est euh
DVD_ED_1,0283.2126,0284.9548,la suite avec le présentateur
DVD_ED_1,0285.2446,0285.9921,le journaliste
DVD_ED_1,0287.1188,0288.7203,ben en_fait c'est la suite avec lui
DVD_ED_1,0289.1843,0290.0547,qui
DVD_ED_1,0290.7320,0291.5833,qui devient noé lui
DVD_ED_1,0292.5147,0295.1546,* donc voilà du_coup il fabrique un arche et tout enfin c'est
DVD_ED_1,0295.5940,0296.9120,* c'est dans le même délire quoi
DVD_ED_1,0297.3117,0298.3499,une arche ou un arche
DVD_ED_1,0303.5638,0304.5787,ah peut_être + ouais
DVD_ED_1,0307.0881,0308.2865,je crois mais je sais plus
DVD_ED_1,0308.5886,0309.5832,et tu me mets le doute
DVD_ED_1,0311.7230,0315.2141,bon bref l' arche de noé quoi + hein voilà @ voilà
DVD_ED_1,0315.9901,0317.4513,du_coup ouais ils reprennent ce personnage là
DVD_ED_1,0321.1390,0323.7335,* tu as des passages qui sont marrants mais après c'est pas
DVD_ED_1,0324.0478,0325.0104,c'est pas jim carrey quoi
DVD_ED_1,0325.8360,0326.6862,donc_euh
DVD_ED_1,0329.2011,0332.9059,oui + attends c'est lequel parce_qu' il_y_a yesman et menteur menteur je me les confond tout_le_temps
DVD_ED_1,0336.3483,0339.4682,menteur menteur je crois c'est celui où son fils il fait le voeux de
DVD_ED_1,0340.0170,0341.3475,que son père puisse plus mentir
DVD_ED_1,0343.3041,0344.7015,et yesman c'est
DVD_ED_1,0347.1906,0349.2949,d'accord ouais mais je me rappelle pas trop de
DVD_ED_1,0349.6184,0350.1675,de celui là
DVD_ED_1,0353.1400,0353.7863,@
DVD_ED_1,0355.0434,0358.7648,ouais mais menteur menteur c'est pareil c'est marrant parce_que du_coup il peut il peut_pas mentir
DVD_ED_1,0359.4661,0360.9562,parce_qu' en_fait quand son fils il fait le voeux
DVD_ED_1,0361.5647,0363.0645,il_y_a une espèce de sort là
DVD_ED_1,0363.5191,0365.7197,et euh du_coup il peut vraiment plus mentir du_tout quoi
DVD_ED_1,0366.6717,0368.8845,et euh ben ça fait rien c'est juste que lui il peut
DVD_ED_1,0369.2629,0370.5542,il peut_pas sortir de mensonges
DVD_ED_1,0371.1804,0373.0603,donc il_y_a il_y_a vraiment aucun mensonge quoi
DVD_ED_1,0373.9035,0376.1362,donc c'est c- c'est marrant aussi quoi
DVD_ED_1,0376.5176,0377.5580,du_coup il_y_a des situations pas mal
DVD_ED_1,0379.1193,0379.9438,les choristes
DVD_ED_1,0386.0731,0386.3048,ouais
DVD_ED_1,0388.5176,0388.8759,d'accord
DVD_ED_1,0393.7937,0394.1575,ouais
DVD_ED_1,0395.4055,0395.6892,ouais
DVD_ED_1,0399.4245,0399.8494,ouais
DVD_ED_1,0402.7754,0403.4169,ok + ouais
DVD_ED_1,0405.8822,0406.2522,ok
DVD_ED_1,0406.9112,0407.1069,ouais
DVD_ED_1,0413.0923,0414.7418,oh trop bien euh comment il s'appelle
DVD_ED_1,0415.5084,0416.9180,c'est pas boniface ou
DVD_ED_1,0417.5008,0418.1240,il est énorme
DVD_ED_1,0419.5610,0420.0950,d'accord
DVD_ED_1,0420.8303,0421.1637,ouais
DVD_ED_1,0422.3084,0422.6922,trop bien
DVD_ED_1,0423.3970,0424.2329,mais il était trop mignon
DVD_ED_1,0425.5001,0426.2151,mais il est trop bien lui
DVD_ED_1,0429.0584,0429.2536,ouais
DVD_ED_1,0431.0149,0432.5373,avec les chansons et tout là il est énorme
DVD_ED_1,0436.1819,0436.2119,le
DVD_ED_1,0436.7519,0437.0393,ouais
DVD_ED_1,0438.0894,0444.3757,@ de suite le stéréotype tu sais c'est pour mamie @
DVD_ED_1,0444.8790,0445.4382,oh la la
DVD_ED_1,0446.2414,0448.1667,super ouais mais à_la_fin tu la supportes plus quoi
DVD_ED_1,0449.8121,0451.3020,moi c'est cet été j' avais euh
DVD_ED_1,0451.7859,0453.2627,là ou je travaillais là en animation
DVD_ED_1,0453.9279,0454.9172,j' avais une bande d' ados
DVD_ED_1,0455.6183,0458.9424,ils se_sont tapé un délire dessus + et euh pour le dernier spectacle
DVD_ED_1,0459.5463,0462.8821,ils_ont fait une reprise de la chanson des choristes mais ils_ont changé les paroles
DVD_ED_1,0463.3848,0463.9325,en gros c' était
DVD_ED_1,0464.1582,0467.0026,des paroles pour remercier les animateurs pour les vacances et tout
DVD_ED_1,0467.6007,0469.2948,et sauf qu' en_fait c' était énorme parce_que c' était les
DVD_ED_1,0469.5663,0470.5884,douze quinze ans
DVD_ED_1,0471.2689,0471.9340,qui faisaient ça
DVD_ED_1,0472.3284,0475.3924,et sauf qu' ils_ont pris des petits à moi donc des six euh six onze
DVD_ED_1,0476.2742,0477.7631,alors tu en avais un qui faisait le pupitre
DVD_ED_1,0478.0974,0479.5929,donc vraiment comme dans les choristes quoi
DVD_ED_1,0480.1242,0483.6380,et après tu avais tout les autres qui traversaient toute_la salle au milieu des_gens en faisant comme ça
DVD_ED_1,0484.0853,0487.0452,pendant_que les autres ils étaient sur scène en_train_de chanter euh tous comme ça euh
DVD_ED_1,0487.2544,0488.6082,avec leurs airs angéliques là
DVD_ED_1,0489.2950,0490.5054,donc voilà mais c' était sympa ouais
DVD_ED_1,0490.7060,0491.9129,tu peux faire pas mal de choses avec
DVD_ED_1,0493.7337,0494.2585,il est trop bien
DVD_ED_1,0496.4562,0497.3832,chouchou @
DVD_ED_1,0500.9572,0501.5422,ouais j-
DVD_ED_1,0501.7429,0504.9531,je crois que j- moi je l' ai vu deux fois quand il est passé à la télé mais euh
DVD_ED_1,0507.5772,0508.3353,mh
DVD_ED_1,0509.3874,0509.6390,ouais
DVD_ED_1,0510.3880,0512.7685,ben le truc c'est que tu le vois une_fois c'est marrant après euh
DVD_ED_1,0514.4218,0514.6685,ouais
DVD_ED_1,0515.2705,0515.6690,voilà ouais
DVD_ED_1,0516.2597,0518.7306,bon l' autre jour il est passé à la télé j' ai même_pas eu envie de
DVD_ED_1,0520.2049,0521.8646,envie de le voir je sais plus ce qu' il_y avait en_même_temps
DVD_ED_1,0525.3680,0528.3543,c'est mignon
DVD_ED_1,0528.6879,0530.7912,non après il est bon dedans franchement il joue bien dedans
DVD_ED_1,0532.2356,0532.9139,s- il est
DVD_ED_1,0534.3306,0535.2506,ouais ouais il est balèze ouais
DVD_ED_1,0543.6173,0546.3595,moi regarde je l' ai carrément anas- analysé en gestuelle quoi
DVD_ED_1,0547.6003,0548.6354,ouais + sur euh
DVD_ED_1,0548.9548,0550.0368,c' était papa est en haut je crois
DVD_ED_1,0553.9165,0559.3912,ben en_fait moi niveau gestuelle j' avais trouvé marrant parce_que j' avais analysé le moment où euh il fait papa qui engueule ses enfants
DVD_ED_1,0560.4787,0564.9562,avec euh je vais vous prendre je vais vous mettre dans une boîte et je vais fermer la boîte et tout enfin
DVD_ED_1,0566.0867,0570.0365,en gros c'est le_passage où il explique que euh quand les papas ils s' énervent ils disent n' importe quoi
DVD_ED_1,0570.7548,0574.4237,et que il les traite de petits écureuils et tout h enfin
DVD_ED_1,0574.6752,0579.4679,voilà et en_fait il fait des gestes mais magnifiques quoi un moment il fait là on va être carré et_puis il rentre carrément les pieds tu sais
DVD_ED_1,0579.8970,0582.6759,enfin voilà il fait son carré comme ça et il rentre bien ses pieds tu sais
DVD_ED_1,0583.2016,0583.8948,enfin il
DVD_ED_1,0584.2877,0585.4945,c- voilà c'est le_passage énorme
DVD_ED_1,0586.1050,0587.3012,mais après c'est_vrai que l' autre euh
DVD_ED_1,0592.1145,0592.3816,ouais
DVD_ED_1,0597.3180,0602.3409,oh @ ouais ouais
DVD_ED_1,0602.9627,0603.3167,ouais ouais
DVD_ED_1,0609.6632,0609.9657,ouais
DVD_ED_1,0611.8997,0615.3399,@
DVD_ED_1,0615.5434,0615.7441,ouais
DVD_ED_1,0616.1765,0616.5524,mais l' autre
DVD_ED_1,0616.9227,0618.1360,avant c' était l' autre c'est moi
DVD_ED_1,0618.9045,0619.1110,ouais
DVD_ED_1,0619.4247,0621.1834,avec les comédies musicales
DVD_ED_1,0621.7035,0623.8589,et c'est lui qui fait euh dans la boîte aussi
DVD_ED_1,0624.4027,0627.7306,qui fait le mec qui drague en boîte qui chante mais qui connait pas les paroles
DVD_ED_1,0629.7578,0633.8709,@ ouais ouais
DVD_ED_1,0634.8269,0635.5900,non il est trop bien
DVD_ED_1,0636.2254,0636.5954,mais après i-
DVD_ED_1,0636.8654,0638.4145,je sais pas s' il en a refait d'autres depuis
DVD_ED_1,0640.2005,0640.8103,je crois pas
DVD_ED_1,0641.8579,0642.2255,non
DVD_ED_1,0642.4771,0642.9119,je crois pas
DVD_ED_1,0647.6620,0650.0502,oui @
DVD_ED_1,0653.1804,0654.1442,ah euh
DVD_ED_1,0655.8668,0656.0386,on est
DVD_ED_1,0656.3890,0657.5987,non # on a tout essayé
DVD_ED_1,0657.8531,0658.4699,non c'est pas ça
DVD_ED_1,0659.5948,0659.9284,c-
DVD_ED_1,0661.0702,0661.2708,voilà
DVD_ED_1,0663.9622,0664.4180,ouais ouais
DVD_ED_1,0665.6615,0666.1553,ah oui
DVD_ED_1,0666.4614,0669.4863,mais euh là un moment elle m' a fait trop rire parce_que je l' ai regardée hier soir
DVD_ED_1,0670.2030,0671.4994,et euh je me rappellais plus
DVD_ED_1,0672.5648,0672.8249,ouais
DVD_ED_1,0673.4502,0675.3558,et euh tu as un moment en_fait où euh
DVD_ED_1,0675.6102,0677.9222,elle rentre dans un dans la voiture de
DVD_ED_1,0678.3893,0680.3169,de bon gros blacks tu vois bien baraqués
DVD_ED_1,0681.0403,0681.7035,et euh
DVD_ED_1,0682.0128,0684.9422,du_coup elle descend euh avec son petit anglais frenchie là
DVD_ED_1,0685.8296,0686.5680,et euh
DVD_ED_1,0686.8987,0688.9902,et sauf qu' en_fait elle est en_train_d' écouter euh diams
DVD_ED_1,0690.1836,0695.1163,et euh au final le mec au_début il s' énerve puis après quand il entand le rap de diams il dit oh c'est quoi ta musique et tout
DVD_ED_1,0695.8704,0701.1724,et là tu la vois elle commence à craquer et elle se met à raper comme diams mais avec les euh avec tout les gestes et tout tu sais
DVD_ED_1,0701.7462,0702.1504,et euh
DVD_ED_1,0702.3538,0705.7490,tu as deux trois passages comme ça et en_plus c'est sympa parce_que le mec elle le recroise après
DVD_ED_1,0706.4220,0709.0177,et euh du_coup à partir de là tout le long il l' appelle ouais grosse
DVD_ED_1,0709.6255,0712.8424,et euh voilà comme je crois que c'est la boulette la chanson ou un truc comme ça
DVD_ED_1,0715.0477,0717.3207,mais bon tu as les tu as les petits craquages de
DVD_ED_1,0717.6345,0719.3274,de florence foresti dans le film quoi
DVD_ED_1,0722.6123,0722.8759,hein
DVD_ED_1,0725.1539,0727.5118,ah ouais mais je la regarde pas souvent j' ai pas vu trop euh
DVD_ED_1,0728.0517,0728.3117,ouais
DVD_ED_1,0732.4199,0735.4220,ouais ben je les avais téléchargés aussi j' en ai regardé quelque uns
DVD_ED_1,0736.4904,0736.6769,ouais
DVD_ED_1,0737.9551,0742.5579,ben de_toute_façon ça fait partie des trucs qui passent à chaque_fois euh genre dans les zappings et tout_à la fin de l' année là
DVD_ED_1,0743.4651,0745.8258,à chaque_fois tu as toujours un passage sur florence foresti maintenant
DVD_ED_1,0746.5804,0746.9224,ah oui
DVD_ED_1,0752.6195,0752.8252,ouais
DVD_ED_1,0753.0994,0754.2540,mais elle a fait quoi aussi elle
DVD_ED_1,0754.8677,0756.5603,m' en rappelle plus fais voir j' arrive pas_à la resituer
DVD_ED_1,0759.8055,0762.5300,bon elle a des yeux bizarres quand_même je sais pas si c'est le maquillage mais euh
DVD_ED_1,0767.1697,0769.3098,puis la photo à l' ancienne quoi ça donne trop envie
DVD_ED_1,0770.2631,0771.4755,c'est
DVD_ED_1,0772.6767,0773.3499,c'est de quand
DVD_ED_1,0773.9435,0774.5965,deux_mille deux
DVD_ED_1,0779.5724,0779.8352,ouais
DVD_ED_1,0784.3135,0785.3818,ah oui non mais c'est_ça
DVD_ED_1,0786.9318,0787.6017,c'est euh
DVD_ED_1,0790.0113,0791.0642,de wayne wang
DVD_ED_1,0791.8839,0796.9190,c'est qui ça ah
DVD_ED_1,0798.1404,0799.3947,attends il_y_a écrit euh
DVD_ED_1,0800.5472,0801.4321,natalie portman
DVD_ED_1,0801.8113,0803.2995,starwars épisode un et deux
DVD_ED_1,0805.3870,0806.1469,mais elle faisait qui
DVD_ED_1,0811.4358,0811.8916,ah
DVD_ED_1,0812.2844,0812.8844,la
DVD_ED_1,0813.5529,0814.3928,la princesse
DVD_ED_1,0814.9391,0816.3098,c'est pas elle qui fait la princesse
DVD_ED_1,0818.9359,0819.8556,euh ouais un truc comme ça
DVD_ED_1,0820.6488,0822.4331,mais je sais plus les vieux épisodes je m' en rappelle pas
DVD_ED_1,0824.9690,0828.8793,je crois que c'est_ça + enfin pas non c'est pas leila c- je confond avec les vieux épisodes
DVD_ED_1,0829.3315,0830.1428,c'est euh
DVD_ED_1,0830.5369,0833.3366,c'est celle qui fait la princesse qui est protégée par euh
DVD_ED_1,0834.8631,0835.2731,obiwan
DVD_ED_1,0839.0958,0840.9760,ouais mais si regarde là on la reconnait @
DVD_ED_1,0841.2022,0841.5724,à gauche
DVD_ED_1,0844.3457,0846.8986,c'est_vrai que sur la plaquette en_fait enfin devant on la reconnait pas du_tout
DVD_ED_1,0850.2570,0851.7444,ouais du_coup tu as vu euh casse tête chinois
DVD_ED_1,0852.5273,0852.8467,alors
DVD_ED_1,0853.8205,0855.0202,ouais mais c'est un film français
DVD_ED_1,0857.9920,0858.7163,oui ouais ouais
DVD_ED_1,0859.6716,0859.8864,ouais
DVD_ED_1,0865.1533,0865.3427,ouais
DVD_ED_1,0869.4024,0870.0916,d'accord ouais
DVD_ED_1,0874.5386,0877.0720,ouais + je les ai jamais regardés j' aime pas trop les films français
DVD_ED_1,0877.7813,0878.0103,ouais
DVD_ED_1,0881.7736,0881.9432,ouais
DVD_ED_1,0883.0879,0885.4160,si romain duris là ou il est bien c'est euh
DVD_ED_1,0886.4537,0887.3186,attends c'est lui au_moins
DVD_ED_1,0888.2565,0889.4711,c'est lui qui joue dans molière
DVD_ED_1,0891.2383,0892.6117,je crois que c'est lui qui joue dedans
DVD_ED_1,0894.8067,0895.4086,mais euh
DVD_ED_1,0895.9625,0898.7274,ça_va il est sympa comme acteur mais après c'est_vrai que ça dépend des films quoi
DVD_ED_1,0903.0997,0903.4097,ah ouais
DVD_ED_1,0907.2509,0908.2062,ah oui non il est énorme
DVD_ED_1,0908.4917,0909.2951,ah ouais il est génial
DVD_ED_1,0915.1975,0915.3675,ouais
DVD_ED_1,0916.0204,0917.1827,ouais je regarderais quand_même
DVD_ED_1,0917.5105,0919.8550,c'est_vrai que l' auberge espagnole ça fait partie des films que je voulais voir
DVD_ED_1,0920.2841,0921.3466,j' ai pas pris le
DVD_ED_1,0921.9571,0922.1747,ouais
DVD_ED_1,0927.9786,0928.1736,ouais
DVD_ED_1,0932.7255,0932.8978,ouais
DVD_ED_1,0935.5214,0935.6939,ouais
DVD_ED_1,0936.4392,0937.8906,bon au_moins tu l' as vu tu vois ce que ça donne
DVD_ED_1,0939.2699,0941.7125,et_puis bon après en en général les suites c'est pas
DVD_ED_1,0942.4905,0943.2903,c'est pas terrible quoi
DVD_ED_1,0944.2332,0946.8568,@ tu l' as serré derrière
DVD_ED_1,0949.0072,0952.1389,ben ouais mais peut_être que justement comme il est pas bien serré peut_être que ça tire plus sur euh
DVD_ED_1,0954.6259,0955.7545,@
DVD_ED_1,0957.0412,0957.3408,oui
DVD_ED_1,0958.4374,0960.5409,ouais non les suites en général c'est pas ce qu' il_y_a de
DVD_ED_1,0961.4990,0961.7296,ouais
DVD_ED_1,0962.8670,0965.7682,moi là où j' avais été trop déçue c' etait les euh les les bronzés trois
DVD_ED_1,0967.0570,0967.6823,tu l' avais pas vu
DVD_ED_1,0969.0023,0971.9960,voilà c' était le film en trop quoi celui qu' il fallait pas faire
DVD_ED_1,0972.2363,0974.9192,donc_euh puis bon du_coup ça casse tout le délire du
DVD_ED_1,0975.4533,0976.3727,des deux premiers quoi
DVD_ED_1,0976.9286,0979.0031,c'est les deux premiers ils_sont ils_sont mythiques
DVD_ED_1,0979.7265,0980.4461,donc_euh
DVD_ED_1,0981.3300,0981.8000,ah ben oui
DVD_ED_1,0982.3189,0982.7838,c'est euh
DVD_ED_1,0983.0832,0986.5383,la culture française @
DVD_ED_1,0987.6682,0990.9117,@ arrête c'est arrivé euh
DVD_ED_1,0991.4039,0995.2915,à l' oncle de ma mère @ il s'est retrouvé bloqué en haut d'un télésiège tout seul
DVD_ED_1,0995.8935,0997.8435,bon bien_sûr il a fait la blagounette de changer euh
DVD_ED_1,0998.0435,0998.7375,étoiles des neiges
DVD_ED_1,0999.4328,1002.5820,sauf que cet idiot il a fait tomber son ski il a failli a- assomer une femme
DVD_ED_1,1003.0653,1006.1813,c' était il dansait enfin il faisait comme le type tu sais il balancait bien les jambes et tout
DVD_ED_1,1006.7692,1008.3124,sauf qu' il a un ski qui à déchaussé quoi
DVD_ED_1,1009.4550,1009.7376,ouais
DVD_ED_1,1009.9552,1010.2605,ouais ouais
DVD_ED_1,1012.9152,1014.0145,putain moi je suis pas
DVD_ED_1,1014.2435,1016.5137,je vais essayer d'y aller là dans les pyrénées pendant les vacances
DVD_ED_1,1018.8377,1019.0695,ouais
DVD_ED_1,1021.3312,1021.5178,ouais
DVD_ED_1,1025.6674,1028.3738,@ chaque chose en son temps @
DVD_ED_1,1030.6632,1031.9215,ouais + tu vas où ici toi
DVD_ED_1,1036.7462,1037.4962,mais tu y vas la journée
DVD_ED_1,1038.9747,1039.2747,ah ouais
DVD_ED_1,1039.5347,1041.0583,ça fait une trotte quand_même briançon
DVD_ED_1,1042.3055,1043.0954,ben après euh
DVD_ED_1,1043.9336,1044.1003,ouais
DVD_ED_1,1044.9934,1046.2422,mais là bas après c'est les forfaits quoi
DVD_ED_1,1047.0354,1049.1302,moi la dernière fois que j' ai skié à briançon on avait pris euh
DVD_ED_1,1052.5980,1052.9783,serre che
DVD_ED_1,1057.9893,1058.2719,ouais
DVD_ED_1,1062.8216,1063.3070,d'accord
DVD_ED_1,1063.5190,1064.2518,ouais ben c'est cool
DVD_ED_1,1064.7012,1064.9753,ouais
DVD_ED_1,1066.7163,1067.3757,ben c'est_bien
DVD_ED_1,1069.9567,1070.2083,ouais
DVD_ED_1,1075.6645,1075.8567,ouais
DVD_ED_1,1077.8157,1078.3455,tu m' étonnes
DVD_ED_1,1079.1687,1081.6431,et c'est trop bien en_plus quand tu y vas entre potes et tout tu rigoles bien quoi
DVD_ED_1,1082.8707,1087.5051,moi quand j' avais été à briançon j' avais trop peur parce_que ça faisait euh je crois que ça faisait cinq ans que j' avais pas skié
DVD_ED_1,1088.2734,1091.5077,et euh mon copain ça faisait huit ans je crois qu' il avait pas skié
DVD_ED_1,1092.1713,1095.6432,et je retrouvais en_fait à briançon une famille euh de militaires que j' avais connu avant
DVD_ED_1,1096.1548,1098.2898,sauf que eux ça faisait genre dix ans qu' ils étaient à briançon
DVD_ED_1,1098.8735,1100.2254,donc la f- voilà
DVD_ED_1,1100.9836,1103.1712,et euh la fille qui avait mon âge
DVD_ED_1,1103.4009,1106.3240,euh ben elle skiait tout_le_temps euh depuis des années
DVD_ED_1,1106.8355,1109.4817,ben d'ailleurs quand_on était gosses on faisait du ski ensemble avec les militaires
DVD_ED_1,1109.8491,1110.5528,et euh
DVD_ED_1,1111.0290,1114.4320,et son copain était carrément entraîneur dans le club de ski de briançon tu vois
DVD_ED_1,1115.0377,1121.1488,et je leur ai dit mais venez pas avec nous enfin vous allez péter un cable @ enfin voilà et en_fait euh moi ça allait
DVD_ED_1,1121.4371,1123.5660,dès_que j' ai rechaussé les skis je suis parti direct
DVD_ED_1,1124.4027,1128.3101,mon copain il a eu un_peu plus de mal il a fait que se vautrer et tout enfin
DVD_ED_1,1128.5362,1128.9997,que de la merde
DVD_ED_1,1129.6770,1131.9907,et euh sauf que moi en_fait je suis tellement partie bien
DVD_ED_1,1132.8251,1136.4287,que trop contente de repartir aussi facilement je me suis cramée en deux heures quoi
DVD_ED_1,1136.9585,1138.8714,j' ai skié comme une tarée pendant deux heures
DVD_ED_1,1139.3623,1144.0280,et à_la_fin j' ai carrément pris les oeufs pour redéscendre je leur ai dit là je sentais plus mes jambes ça commençait à trembler et tout
DVD_ED_1,1144.4803,1146.2107,j' ai dit c'est bon c'est bon pour me
DVD_ED_1,1146.4650,1147.2960,pour me péter un truc
DVD_ED_1,1147.8903,1151.8592,et euh du_coup je suis redéscendue toute seule avec les oeufs je les ai attendus en bas dans un café
DVD_ED_1,1152.6053,1153.1395,puis voilà quoi
DVD_ED_1,1159.6196,1159.8655,ouais
DVD_ED_1,1161.3775,1161.5499,mh
DVD_ED_1,1165.9718,1166.2318,ouais
DVD_ED_1,1173.4439,1178.6599,@
DVD_ED_1,1185.8063,1186.0692,ouais
DVD_ED_1,1188.4844,1190.9997,ouais ben ça c'est toujours pareil quoi quand t' es celui qu' on attend euh
DVD_ED_1,1198.0338,1198.2599,mh
DVD_ED_1,1205.0304,1212.1037,@ la bonne excuse @ non mais attends l' autre jour à décat- j' ai vu un truc c'est des
DVD_ED_1,1212.3382,1214.2628,espèces de ronds comme ça qui se fixent au pieds
DVD_ED_1,1214.6769,1215.4426,donc genre tu en as deux
DVD_ED_1,1216.4654,1217.9853,et tu fais du ski avec ça quoi
DVD_ED_1,1218.8733,1220.2281,j' ai dit mais c'est le truc mais
DVD_ED_1,1220.4775,1222.1651,ouais c'est c'est des espèces de
DVD_ED_1,1222.5862,1222.9204,palets
DVD_ED_1,1223.5818,1225.7701,mais là non c'est vraiment pour skier c'est pas pour marcher
DVD_ED_1,1225.9934,1228.8148,c'est des_des espèces de palais comme ça que tu fixes à tes pieds
DVD_ED_1,1230.1799,1231.1048,ah c'est vraiment rond
DVD_ED_1,1231.3903,1231.7888,ouais ouais
DVD_ED_1,1232.3790,1235.0991,mais c'est un truc mais je me suis dit mais tu te tues avec ça
DVD_ED_1,1238.0675,1241.2909,mais je crois que c'est avec les euh c'est avec des chaussures que tu les mets
DVD_ED_1,1241.5853,1242.3056,mais euh
DVD_ED_1,1243.1507,1247.8721,o- ouais mais non je crois pas en_fait je pense_que ça doit être un_petit_peu parce_que j- après j' ai pas fait trop gaffe
DVD_ED_1,1248.1519,1249.9550,mais ça doit être un_petit_peu tu sais euh
DVD_ED_1,1250.2348,1251.1146,un_peu cur- ouais voilà
DVD_ED_1,1251.5809,1254.6952,et du_coup je pense_que en en se penchant ou quoi ça doit suffir quoi
DVD_ED_1,1255.6131,1259.2792,mais laisse tomber quoi quand j' ai vu ça j' ai même_pas cherché à voir comment ça marchait parce_que
DVD_ED_1,1259.7907,1261.5963,je me suis dit moi c'est même_pas la peine quoi je monte pas là dessus
DVD_ED_1,1266.5245,1267.9327,ouais ouais les deux pieds côte à côte ouais
DVD_ED_1,1272.0882,1272.3291,ouais
DVD_ED_1,1274.5573,1274.7428,ouais
DVD_ED_1,1276.7189,1277.3136,tu m' étonnes
DVD_ED_1,1278.2565,1280.7060,mais il_y_a les truc aussi les espèces de trotinettes là euh
DVD_ED_1,1283.4074,1284.7169,je sais plus comment il appellent ça
DVD_ED_1,1292.7233,1292.9409,ouais
DVD_ED_1,1294.8430,1296.7530,voilà un tout petit devant pour euh
DVD_ED_1,1296.9730,1297.2037,ouais
DVD_ED_1,1298.3407,1298.5695,ouais
DVD_ED_1,1300.1240,1300.3417,ouais
DVD_ED_1,1300.7183,1301.2442,ah assis
DVD_ED_1,1303.6414,1307.0790,ah ouais moi je pensais à ceux_qui sont comme ça mais où tu es debout quand_même dessus
DVD_ED_1,1308.4017,1310.6889,ben ça fait comme une planche tu as les deux pieds dessus
DVD_ED_1,1311.1468,1312.3967,mais pas fixés quoi euh
DVD_ED_1,1312.7642,1314.6120,vraiment comme si tu étais en trotinette en_fait
DVD_ED_1,1315.3510,1317.6071,et pareil tu as le même système devant pour euh
DVD_ED_1,1318.2293,1318.8789,pour tourner quoi
DVD_ED_1,1323.7190,1324.0532,ouais
DVD_ED_1,1327.6490,1327.8349,ouais
DVD_ED_1,1329.6061,1329.9978,d'accord
DVD_ED_1,1331.9826,1332.4913,alors là
DVD_ED_1,1341.4557,1341.7836,ouais
DVD_ED_1,1344.5888,1345.3434,@
DVD_ED_1,1349.2586,1349.4508,ouais
DVD_ED_1,1351.6815,1352.0913,ouais ouais
DVD_ED_1,1353.4272,1356.1168,ah ça m- l' air bag moi la première_fois que j' en ai vu un c' était en vélo
DVD_ED_1,1356.9052,1360.4799,mais euh c' était énorme enfin mon frère euh ça faisait peut_être deux ans qu' il faisait du
DVD_ED_1,1361.2132,1364.1710,et euh puis bon lui c'est un truc qu' ils descendent quoi c'est pas les sauts
DVD_ED_1,1364.8317,1365.2430,et euh
DVD_ED_1,1365.4521,1367.0912,dessus il s'est envoyé comme un taré
DVD_ED_1,1367.7148,1369.3192,et sauf qu' avec nous on avait un
DVD_ED_1,1369.5962,1370.4342,champion de france
DVD_ED_1,1370.8981,1371.8524,de de
DVD_ED_1,1372.6663,1376.9694,et en_fait le mec il s'est tapé un délire il a dit aux potes de mon frère qu' il galérait qu' il faisait n' importe quoi
DVD_ED_1,1377.6296,1378.4003,il lui a dit vas y
DVD_ED_1,1378.7366,1382.8355,passe moi tes fringues ton vélo donc les deux ils se_sont échangé les fringues on était sur un parking tu vois
DVD_ED_1,1383.3640,1384.4879,ils se_sont échangé les fringues
DVD_ED_1,1384.8571,1385.8171,il m' a demandé de le filmer
DVD_ED_1,1386.3659,1387.7406,et il a sauté avec le vélo du jeune
DVD_ED_1,1388.4143,1392.0063,et euh il m' a dit tu le filmes comme ça tu mets sur facebook tu dis que c'est lui et tout euh
DVD_ED_1,1392.5666,1395.8487,enfin voilà et du_coup il a commencé à_faire euh des_des et tout
DVD_ED_1,1396.2217,1397.0895,enfin il s'est trop envoyé quoi
DVD_ED_1,1397.4088,1399.7215,mais c'est énorme quoi enfin mon frère il se régalait là dessus quoi
DVD_ED_1,1401.2230,1403.4303,puis en_plus si tu tombes bien normalement tu peux pas te
DVD_ED_1,1416.5583,1418.8919,@
DVD_ED_1,1420.5686,1420.7721,ouais
DVD_ED_1,1421.4843,1425.0405,ça dépend si tu as peur de pas sauter assez loin @ * @
DVD_ED_1,1428.0589,1428.5636,mh c'est_bien
DVD_ED_1,1429.2525,1430.0524,ils_sont réconfortants
DVD_ED_1,1430.8612,1434.4233,ouais @ normal
DVD_ED_1,1435.0220,1436.4646,il faudrait peut_être qu' on échange non un moment
DVD_ED_1,1437.4574,1438.6812,ouais hein @
DVD_ED_1,1440.2505,1440.4455,quoi
DVD_ED_1,1442.6939,1443.0550,bon attends
DVD_ED_1,1444.9457,1446.2720,bon déjà les american pie tu aimes pas
DVD_ED_1,1447.0853,1448.3558,bon déjà allez hop
DVD_ED_1,1448.7175,1449.4410,je te débarasse
DVD_ED_1,1450.2822,1455.1206,tu veux lesquels en échange tiens je te file celui là pour la peine
DVD_ED_1,1455.5898,1457.6226,oh si hein attends
DVD_ED_1,1459.8533,1460.1472,ouais
DVD_ED_1,1462.6408,1462.8753,ouais
DVD_ED_1,1465.5200,1466.0700,mh
DVD_ED_1,1467.7015,1469.1004,et si moi je veux pas de chouchou moi
DVD_ED_1,1474.6694,1476.9823,oh putain tu es déguelasse @
DVD_ED_1,1478.1214,1479.2614,ouais mais tu l' aimes bien euh
DVD_ED_1,1479.6306,1480.0581,jim carrey
DVD_ED_1,1482.9049,1483.5154,ben moi aussi
DVD_ED_1,1484.6523,1484.8982,non
DVD_ED_1,1485.9496,1488.2142,oui mais tu as pas ça non_plus @
DVD_ED_1,1488.5590,1488.9406,donc tiens
DVD_ED_1,1490.1971,1491.3550,en_plus moi je le connais par coeur
DVD_ED_1,1492.0192,1492.9300,allez vas y envoie
DVD_ED_1,1493.9362,1494.3205,c'est quoi
DVD_ED_1,1494.5805,1495.0083,halloween
DVD_ED_1,1495.8066,1499.0024,ouais bon tant_qu' à_faire je préfère le film de merde que j' ai quand_même une chance de regarder *
DVD_ED_1,1500.7325,1502.4201,putain bruce tout puissant on avait regardé euh
DVD_ED_1,1503.3160,1504.6706,une_fois on l' avait regardé je l' avais en
DVD_ED_1,1504.8910,1506.6384,je l' avais en quand il est sorti
DVD_ED_1,1507.4807,1511.8477,mais il est vieux quand_même @ ouais
DVD_ED_1,1517.3317,1520.1159,ben en_même_temps deux_mille quatre je crois qu' on avait encore des
DVD_ED_1,1521.9520,1522.6765,hé
DVD_ED_1,1524.0297,1525.5997,deux_mille quatre ça fait quand_même presque dix ans
DVD_ED_1,1526.9620,1527.1626,hé
DVD_ED_1,1527.4565,1528.8512,@ et ouais
DVD_ED_1,1529.5947,1530.2073,mais euh
DVD_ED_1,1530.4899,1531.7540,ouais du_coup on faisait euh
DVD_ED_1,1533.2548,1534.4874,mais oui il est vachement vieux
DVD_ED_1,1538.8072,1541.9648,cinq minutes @
DVD_ED_1,1542.4150,1542.7796,voilà
DVD_ED_1,1543.4892,1544.1592,mais euh
DVD_ED_1,1544.5932,1547.9525,ouais du_coup on rembobinait tu sais au passage où il contrôle evan pendant le journal
DVD_ED_1,1548.7267,1551.2663,et euh ça part en live avec euh les pommes et tout là
DVD_ED_1,1552.0125,1557.4829,et en_fait on est tellement parti dans un fou rire dessus qu' on la rembobinait à chaque_fois on remettait le_passage mais au_moins sept ou huit fois quoi
DVD_ED_1,1558.0625,1559.6401,donc_euh ouais je le connais par coeur quoi
DVD_ED_1,1560.4852,1562.9446,donc voilà @
DVD_ED_1,1564.0188,1564.4576,ça te va
DVD_ED_1,1569.5331,1569.9779,mh mh
DVD_ED_1,1571.2501,1572.3700,ben en_même_temps sachant que
DVD_ED_1,1573.6764,1574.7720,lui je l' ai en numérique
DVD_ED_1,1575.1412,1577.9138,lui aussi + lui aussi + lui aussi lui aussi lui aussi
DVD_ED_1,1579.4821,1584.7133,@ donc si il_y en a un que tu as envie de voir
DVD_ED_1,1585.0609,1585.7364,que tu as pas
DVD_ED_1,1588.2973,1590.8365,il est sympa ouais il se laisse regarder surtout si
DVD_ED_1,1593.3835,1596.2815,mais celui là en_plus si tu aimes florence foresti franchement il est cool quoi
DVD_ED_1,1596.5444,1596.8722,ouais ouais
DVD_ED_1,1597.1915,1597.7823,elle est bien dedans
DVD_ED_1,1598.6099,1599.2018,elle est marrante
DVD_ED_1,1602.5808,1603.2905,oui + c'est_ça
DVD_ED_1,1606.6507,1607.0018,de_quoi
DVD_ED_1,1608.2822,1608.4998,non
DVD_ED_1,1610.1794,1610.6343,non
DVD_ED_1,1611.9195,1614.5382,me tape pas @
DVD_ED_1,1616.0117,1616.5417,mh mh
DVD_ED_1,1619.1155,1619.3218,ouais
DVD_ED_1,1620.1528,1620.5124,oui oui
DVD_ED_1,1623.4327,1624.1478,d'accord
DVD_ED_1,1624.6933,1625.7844,mais il est pas vieux celui là
DVD_ED_1,1627.0268,1627.6645,il est de quand
DVD_ED_1,1630.5028,1631.0568,ah oui d'accord
DVD_ED_1,1631.4532,1631.7556,ok
DVD_ED_1,1632.1965,1632.7505,je regarderai
DVD_ED_1,1634.7266,1635.1423,d'accord
DVD_ED_1,1636.1940,1638.7037,puis là en_plus elle est marrante parce_qu' elle me fait penser à nous quand elle parle anglais
DVD_ED_1,1641.5962,1643.5471,@ ouais elle est bien ouais
DVD_ED_1,1643.7987,1644.6729,donc_euh
DVD_ED_1,1645.3115,1645.9361,non c'est sympa
DVD_ED_1,1647.2079,1647.7088,donc voilà
DVD_ED_1,1649.6202,1649.9050,voilà
DVD_ED_1,1650.8033,1651.1719,ça te va
DVD_ED_1,1651.9802,1652.5363,ça te convient
DVD_ED_1,1656.5192,1656.7469,non
DVD_ED_1,1658.6600,1663.0510,@ vas y bats toi tu en veux un @
DVD_ED_1,1664.8040,1666.3642,h non moi je le veux
DVD_ED_1,1668.5282,1670.9028,parce_qu' il_y_a natalie portman dedans et que
DVD_ED_1,1671.8557,1672.6627,et que
DVD_ED_1,1672.8887,1673.5848,elle est marrante
DVD_ED_1,1676.2413,1680.1559,la couverture écoute elle me donne grave envie en_plus tu vois bleue comme ça ça donne une impression de
DVD_ED_1,1680.7425,1688.9070,tu vois de paysages magnifiques et tout c'est la la couleur du bonheur c'est
DVD_ED_1,1689.6580,1689.9903,mh mh
DVD_ED_1,1692.4357,1694.5725,j' en sais rien du_tout @
DVD_ED_1,1696.1672,1697.3740,en_même_temps toi tu en as deux de bleus
DVD_ED_1,1700.2167,1700.4696,voilà
DVD_ED_1,1701.5446,1703.4408,donc_euh tu m' en laisses au_moins un bleu quoi
DVD_ED_1,1704.9959,1706.8762,même si c'est un film pourri @
DVD_ED_1,1712.3833,1713.6066,ils_sont tous pareils derrière
DVD_ED_1,1714.4647,1716.2618,ouais sauf que moi j' ai une fille en sous vêtements *
DVD_ED_1,1716.9288,1719.8979,@ et des mecs aussi
DVD_ED_1,1720.6553,1722.0289,@
DVD_ED_1,1722.6543,1725.2177,h moi j' ai un string euh @
DVD_ED_1,1726.6565,1727.1743,voilà
DVD_ED_1,1733.7420,1734.7934,ouais *
DVD_ED_1,1735.6577,1736.2433,non pire
DVD_ED_1,1737.0257,1741.7134,à des futurs potentiels étudiants qu' on pourrait avoir @
DVD_ED_1,1742.2373,1743.1785,tu sais comme yohan et
DVD_ED_1,1743.8311,1744.3825,et alain @
DVD_ED_1,1745.0438,1748.2871,voilà + on servira un jour aux examens + de pauvres master deux
DVD_ED_1,1750.3390,1750.7100,et ouais
DVD_ED_1,1752.8905,1753.0643,voilà
DVD_ED_1,1754.0769,1755.8065,ça a tout cassé en_fait le coup des cinq minutes
DVD_ED_1,1756.9207,1758.3962,ça ça nous a coupé dans l' élan
DVD_ED_1,1760.7154,1762.4167,oui moi aussi ça commence à peser un_peu là
DVD_ED_1,1763.6885,1763.8807,ouais
DVD_ED_1,1765.0515,1770.1057,à l' aide @ non ils veulent pas bon
DVD_ED_1,1771.9859,1772.3703,voilà
DVD_ED_1,1774.2859,1774.8959,normalement oui
DVD_ED_1,1777.0522,1777.5818,si si
DVD_ED_1,1778.4199,1779.8368,oui mais b- eux ils savent s'en servir
DVD_ED_1,1780.6932,1780.9362,voilà
DVD_ED_1,1783.0180,1784.6826,ouais moi je vais essayer d' aller skier dans les pyrénées
DVD_ED_1,1785.1829,1785.4400,voilà
DVD_ED_1,1786.5254,1786.7910,ouais
DVD_ED_1,1787.0009,1787.2411,euh
DVD_ED_1,1787.4446,1788.6898,petite journée à gavarnie par_là
DVD_ED_1,1789.8675,1790.1502,voilà
DVD_ED_1,1790.5910,1791.6209,en essayant de rien me péter
DVD_ED_1,1792.6437,1794.4989,ouais samedi jusqu'au quatre normalement
DVD_ED_1,1795.5951,1795.8127,voilà
DVD_ED_1,1796.2084,1797.2752,deux bonnes petites semaines
DVD_ED_1,1798.1235,1798.7834,ça_va faire du bien
DVD_ED_1,1803.0742,1803.3152,oui
DVD_ED_1,1807.8185,1808.6188,d'accord ouais
DVD_ED_1,1816.6902,1816.9389,mh
DVD_ED_1,1821.5020,1821.7934,ouais
DVD_ED_1,1825.2767,1825.4652,ouais
DVD_ED_1,1828.0812,1828.4251,ouais
DVD_ED_1,1829.3642,1829.7910,ouais ouais
DVD_ED_1,1833.1352,1834.3965,ah @
DVD_ED_1,1835.8520,1836.4809,apparement ouais
DVD_ED_1,1837.5238,1839.4260,ouais bon donc marseille bordeaux @
DVD_ED_1,1843.3224,1845.2666,ouais + mais le problème c'est qu' il_y en a aucun qui coupe quoi
DVD_ED_1,1850.3377,1850.8190,super
DVD_ED_1,1851.5595,1852.4526,bon courage
DVD_ED_1,1853.2807,1855.1270,je vais prendre ma petite voiture et_puis direct
DVD_ED_1,1856.4872,1857.3464,voilà voilà
DVD_ED_1,1858.2379,1858.8839,c'est bon
