DVD_AG_1,0031.5941,0032.9824,euh ouais ouais eventuellement
DVD_AG_1,0035.0763,0039.5655,c'est là ou dans cin- en cinq minutes on à tout négocié c'est terminé tu sais
DVD_AG_1,0040.0801,0040.5861,h
DVD_AG_1,0049.3957,0050.0704,trente
DVD_AG_1,0051.1500,0051.4174,ouais
DVD_AG_1,0053.3077,0054.2104,hum hum hum
DVD_AG_1,0062.8052,0063.2337,ah ouais
DVD_AG_1,0063.8752,0064.8490,on essuie les plâtres
DVD_AG_1,0067.6973,0068.7242,et j' imagine non
DVD_AG_1,0069.2307,0071.7449,@ h
DVD_AG_1,0072.3039,0073.4932,oh la la
DVD_AG_1,0074.2980,0075.1840,a oui d'accord
DVD_AG_1,0077.3729,0078.7079,oh putain
DVD_AG_1,0079.0325,0080.1686,ah ouais putain mais
DVD_AG_1,0081.5640,0082.0798,ah ouais
DVD_AG_1,0083.0149,0085.1830,@ angoisse
DVD_AG_1,0086.2259,0088.1021,le dernier empereur ouais j' aime bien moi ça
DVD_AG_1,0091.4660,0091.7044,ah
DVD_AG_1,0093.3367,0098.8511,non c'est le c'est hum <!> heu avec brad pitt c'est au népal là sept jour au né- sept jour au tibet au tibet pas au nepal au tibet
DVD_AG_1,0101.6806,0102.3380,c'est ouais
DVD_AG_1,0104.2426,0108.7510,ouais mais fait voir c'est celui_qui sur euh h sur le dernier empereur chinois ouais puyi voilà
DVD_AG_1,0109.2604,0110.0849,ouais tu as pas vu
DVD_AG_1,0111.0392,0113.4544,là vérité si je ment
DVD_AG_1,0118.4654,0123.0454,le un moi je suis sûr je l' ai vu c'est celui c'est enco- c'est enconina tu sais qui est en faux heu h
DVD_AG_1,0124.0454,0125.6300,qui fait le faux juif quoi voilà
DVD_AG_1,0126.1319,0127.7724,et après il plombe euh
DVD_AG_1,0130.4129,0131.2958,enrico macias
DVD_AG_1,0133.5237,0134.6845,non c'est pas enrico là
DVD_AG_1,0136.7119,0144.3544,non non c'est pas le deux # c'est pas le un enrico macias c'est pas dans le un h c'est comment il s'appelle hum <!> # oh merde euh qui fait le beau père là
DVD_AG_1,0144.8023,0146.4687,qui est pas juge d'ailleurs je pen- je pense pas
DVD_AG_1,0148.2032,0148.5657,ouais
DVD_AG_1,0150.1840,0152.2290,* oh merde comment il s'appelle putain
DVD_AG_1,0153.7709,0154.1466,oh
DVD_AG_1,0155.1528,0156.7615,le deux moi je crois pas je l' ai vu d'ailleurs fais voir
DVD_AG_1,0161.4536,0162.3994,ah ben oui gad elmaleh
DVD_AG_1,0163.5279,0163.8394,oui
DVD_AG_1,0164.0473,0166.2599,gad elmaleh il remplace euh elbaz
DVD_AG_1,0166.5610,0169.6502,tu sais il_y à vincent elbaz dans le un + et gad elmaleh il joue dans le deux ouais c'est_ça ouais
DVD_AG_1,0171.2916,0175.9229,je m' en rapelle plus qu' il_y avait enrico macias ah oui oui oui oui oui c'est le père ah ouais ouais oui oui oui oui
DVD_AG_1,0176.2257,0178.5626,qu' après ils font la le le mariage de folie ouais
DVD_AG_1,0180.0722,0180.5612,d'accord
DVD_AG_1,0183.1336,0183.8149,ouais ouais ouais
DVD_AG_1,0184.6987,0186.6984,il_y en a eu trois ou quattre je sais plus en ouais ouais ouais
DVD_AG_1,0189.0192,0194.8361,oui celui là il se me rappelle parce_que gad elmaleh je me rappelle l' avoir vu alors_que dans le premier dans la bande c'est euh vincent albaz ouais
DVD_AG_1,0195.1283,0195.8511,ouais # ouais
DVD_AG_1,0197.5259,0201.5262,ah ouais ouais # celui_qui fait le le caïd mara- américain ah ouais ouais ouais @
DVD_AG_1,0202.4687,0203.1961,américain
DVD_AG_1,0204.2226,0204.4433,ça
DVD_AG_1,0204.6895,0206.0834,ça je sais même_pas ce que c'est
DVD_AG_1,0214.4644,0214.6956,<p
DVD_AG_1,0219.7083,0221.6884,moi je euh je sais même_pas de_quoi ça
DVD_AG_1,0223.2719,0223.5406,fais voir
DVD_AG_1,0228.1457,0231.1674,ah putain attend il me faut les lunettes les jumelles là
DVD_AG_1,0231.7259,0232.1319,attend
DVD_AG_1,0235.5851,0236.3771,putain qui c'est
DVD_AG_1,0237.4047,0238.5684,cliven owen là c'est_ça
DVD_AG_1,0241.1226,0241.5359,ouais
DVD_AG_1,0243.4905,0248.9091,ah style euh h c'est style euh euh comment s'appelle eleven là ocean eleven tu l' as déjà vu là ouais
DVD_AG_1,0249.1965,0250.6024,encore_plus encore_plus chaud
DVD_AG_1,0253.2124,0257.6909,non ça me dit rien je vois pas la tête qu' il a
DVD_AG_1,0259.6567,0260.0246,mh
DVD_AG_1,0260.3279,0260.5491,uh
DVD_AG_1,0262.2868,0262.5676,uh
DVD_AG_1,0266.2743,0267.5446,mais moi ocean eleven j' aime bien
DVD_AG_1,0267.8007,0272.2000,celui euh h tu sais ben ils se retrouvent à onze # tu le sais au_départ
DVD_AG_1,0272.4797,0273.9177,il_y à clooney brad pitt
DVD_AG_1,0274.4662,0275.0214,et ils montent
DVD_AG_1,0276.6695,0278.5689,et julia ro je crois pas qu' il_y à julia robert dedans euh
DVD_AG_1,0279.6437,0280.2237,il_y à une fille
DVD_AG_1,0280.6131,0283.9682,c'est qui la fille je sais plus h ben pareil ils montent une arnaque de folie quoi
DVD_AG_1,0284.2344,0284.5979,ouais
DVD_AG_1,0286.7772,0290.2044,non mais il_y ouais
DVD_AG_1,0296.3617,0299.0144,ah oui oui oui oui oui oui oui non non mais je me rappelle l' histoire
DVD_AG_1,0304.9824,0305.6343,six otages
DVD_AG_1,0306.1028,0306.8559,ah ouais d'accord
DVD_AG_1,0308.7384,0309.8654,le braquage de folie
DVD_AG_1,0310.2400,0310.7217,d'accord
DVD_AG_1,0314.6074,0317.0755,mais remarque tu as vu l' arnaque aussi tu l' avait vu l' arnaque
DVD_AG_1,0317.2962,0318.4259,avec hum <!>
DVD_AG_1,0318.6276,0319.4236,robert redford
DVD_AG_1,0320.0620,0322.2829,ça se passe dans les années trente + enfin d- ouais
DVD_AG_1,0322.4924,0325.5218,plutôt trente + années vingt trente + et ils montent une arnaque comme ça
DVD_AG_1,0325.8464,0326.7034,un truc de malade
DVD_AG_1,0326.9463,0329.1089,mais c' était sur les paris tu vois tu les paris hippiques
DVD_AG_1,0329.9514,0334.6982,et en_fait ils arrivent si tu veux ils montent une arnaque de façon à ce que + eux + ils aient les résultats
DVD_AG_1,0336.2234,0344.3544,avant_de la course + avant le bookmaker enfin avant le truc * n- donc ils parient en urgence les mecs ils se font embrouiller enfin je sais plus trop exactement
DVD_AG_1,0344.9256,0349.6634,et et et ils_ont l' information après donc ils se enfin ils se font une grosse arnaque quoi ouais ouais c'est un truc de malade
DVD_AG_1,0350.3514,0353.8402,mais ocean eleven attend c' était qu' est ce qu' ils font comme arnaque enfin il_y_a un truc de fou quoi
DVD_AG_1,0354.9879,0356.3165,si + c'est un casino ouais ouais
DVD_AG_1,0358.6745,0358.9590,ouais
DVD_AG_1,0359.2369,0360.4982,il_y avait eu aussi euh
DVD_AG_1,0362.5433,0364.7785,ah ouais mais ouais c'est_vrai que c'est pas mal ces films là j' aime bien aussi
DVD_AG_1,0368.4069,0371.6664,mais c'est lui là c'est euh cliv euh cliv euh + cliv owen
DVD_AG_1,0372.0754,0373.0120,oauis mais ça me dit rien
DVD_AG_1,0379.6830,0380.7908,bruce tout puissant
DVD_AG_1,0382.4941,0386.7035,@ ah c'est euh
DVD_AG_1,0387.0113,0387.9834,* quand il est dans la bulle
DVD_AG_1,0388.1926,0390.2677,ah ouais putain *
DVD_AG_1,0390.5455,0391.9229,ouais attends dans la bulle euh
DVD_AG_1,0393.0720,0394.0394,oh la la
DVD_AG_1,0395.5989,0397.1632,putain on perd on perd la boule
DVD_AG_1,0398.0366,0399.6924,euh le monde attend
DVD_AG_1,0400.7961,0401.9969,oui mais je vois très_bien ouais ouais
DVD_AG_1,0402.7659,0403.9825,non non c'est pas selonca non
DVD_AG_1,0404.6187,0407.1784,hum attend comment il s'appelle ce film
DVD_AG_1,0409.2335,0412.5499,h oui ça c'est il devient d- il a pouvoirs divins non c'est pas ça
DVD_AG_1,0415.1246,0419.6581,je l' ai vu ouais je l' ai déjà vu ah ben oui il joue avec euh la nana qui joue dans friends là comment elle s'appelle là déjà oh
DVD_AG_1,0420.0636,0420.8147,putain j' ai du mal moi
DVD_AG_1,0421.6571,0422.2400,tu sais c'est
DVD_AG_1,0423.3470,0423.4722,euh
DVD_AG_1,0425.4916,0425.9935,alister
DVD_AG_1,0426.6946,0427.6362,si je pense j-
DVD_AG_1,0428.0328,0430.0811,ouais c'est_ça jennifer anister *
DVD_AG_1,0431.5693,0434.1195,non ariston pardon ouais putain alister moi *
DVD_AG_1,0434.4197,0435.0582,ouais ouais ouais ouais
DVD_AG_1,0438.4894,0439.8964,si si si je l' ai déjà vu ouais
DVD_AG_1,0440.5735,0446.5203,ouais il est plein_de il a il est plein_de malchance tu vois il fait virer il se fait virer de la chaine il a un accident de voiture euh
DVD_AG_1,0447.1038,0454.5036,et il se plaint de dieu et_puis dieu lui dit § ah ouais puisque c'est comme ça déb- euh je te donne les pouvoirs et tu va voir § et_puis du_coup euh mais c'est du jim carrey quoi hein c'est style euh
DVD_AG_1,0455.7877,0457.9319,tu sais avec ces grosses mimiques là *
DVD_AG_1,0461.9514,0463.7921,attends on verra on va voir on va voir on va voir
DVD_AG_1,0465.3274,0466.7674,alors après ou putain alors là
DVD_AG_1,0467.5994,0470.5733,oh non moi je le veux pas lui moi
DVD_AG_1,0471.0234,0472.5029,moi non_plus + moi non_plus
DVD_AG_1,0472.8053,0473.2674,ouais ouais
DVD_AG_1,0475.3717,0476.3059,moi ça me soule en_fait
DVD_AG_1,0480.9111,0481.3816,ah ouais
DVD_AG_1,0487.5064,0490.7554,fait voir deux oh putain c'est quoi ça moi non_plus je suis pas vraiment pas un fan hein
DVD_AG_1,0492.2684,0494.0142,ah le psychiatrique et dans la c'est un
DVD_AG_1,0495.1439,0497.2074,c'est fou parce_que moi ma nièce elle adore quoi
DVD_AG_1,0497.8306,0500.8670,ah putain elle s'est dé- c'est fou les ados euh maintenant là c'est leur euh
DVD_AG_1,0501.5414,0506.3287,ils se dopent à ça + ah ouais ouais ouais ils se font les nuit euh les nuit halloween les nuit scream euh
DVD_AG_1,0508.4474,0508.7194,ah ouais
DVD_AG_1,0515.5367,0516.0341,* non et_puis
DVD_AG_1,0516.5629,0517.1006,beh h.
DVD_AG_1,0518.6074,0522.2074,ah mais ça c'est pas pareil al- moi alien j' aime bien moi ça c'est p- pour moi c'est pas euh
DVD_AG_1,0523.2714,0528.5775,c'est pas gore tu vois c'est_ça fait fliper hein putain alien ça fait enfin moi ça m' avait moi je me rapelle l' avoir vu euh *
DVD_AG_1,0529.4979,0535.3471,l' avoir vu au cinéma hum em- être un pl- me- av- n- avoir baissé le regard de d' angoisse ah ouais ouais putain *
DVD_AG_1,0535.9677,0538.7912,putain quand euh h mais c'est pas je trouve c'est pas pareil si tu veux
DVD_AG_1,0539.7754,0546.9418,voilà c'est du massacre c'est comme scream tu sais là euh * ben s- ouais parce_qu' à la limite c'est presque parodique ouais voilà
DVD_AG_1,0553.3488,0555.0431,freddy avec les doigts là euh
DVD_AG_1,0556.4154,0558.9267,moi j' ai déjà vu mais bon c'est franchement ça me passionne pas quoi
DVD_AG_1,0561.7302,0565.2855,ah oui oh ouais mais ça c'est h oh ben là c'est ouais ouais clairement ouais ouais
DVD_AG_1,0566.2772,0567.7670,ben ouais ouais non c'est pas pareil
DVD_AG_1,0569.5935,0570.0354,c'est_vrai
DVD_AG_1,0570.9294,0572.2615,* mais euh
DVD_AG_1,0573.2954,0574.9766,ah ouais ben ben en_plus je trouve que c'est pire moi
DVD_AG_1,0576.3904,0581.0969,c'est pire parce_que là c'est la folie euh tu te dis ça pourrait arriver à *
DVD_AG_1,0583.0774,0589.9107,moi ça me fait plus fliper le le shining là où tu le la la folie humaine ouais la folie humaine ça me fait fliper + parce_que tu le dit ça peut arriver à
DVD_AG_1,0590.3409,0595.9811,les c'est comme euh oh putain comment il s'appelle là ce film tu vois le silence des agneaux ou même après hum <!>
DVD_AG_1,0596.5172,0600.0912,dragon rouge là tu sais c'est un au- c'est pareil c'est un mec ça pourrait être ton voisin quoi
DVD_AG_1,0600.8356,0604.1004,il découpe les mecs en morceaux euh tu vois euh *
DVD_AG_1,0605.6805,0606.8164,qu' est ce que j' ai vu un truc
DVD_AG_1,0607.3764,0609.0554,il est pas dans ah oui c'est seb il a
DVD_AG_1,0609.7012,0613.4071,seb il m' a passé seb il est il est c'est un fana- des block buster des trucs américains là
DVD_AG_1,0614.7004,0617.0310,* ben c'est les grosses séries améric- les gros films américains là tu vois
DVD_AG_1,0617.6090,0620.5467,il m' en a filé il m' en a filé plein et j' en ai vu un le week-end dernier là
DVD_AG_1,0621.4659,0622.5794,comment s'appelle paranoïaque
DVD_AG_1,0622.9608,0624.5426,c'est pareil c'est un mec c'est le *
DVD_AG_1,0628.0051,0628.2291,ah
DVD_AG_1,0630.0041,0630.8554,ah ça me dit rien ça
DVD_AG_1,0633.9834,0636.0794,ah ouais ils filmaient les mecs ah ben peut-être ouais ouais ouais ouais
DVD_AG_1,0636.6187,0642.9632,euh et h ben parce_que c'est le gars c'est l' histoire d'un jeune si tu veux qui euh m- b- qui se retrouve coincé chez lui parce_qu' il a fait des conneries
DVD_AG_1,0643.5194,0644.1594,et il observe
DVD_AG_1,0644.6911,0648.4427,tu vois ces voisins il observe ses voisins comme ça avec ces jumelles tout_ça *
DVD_AG_1,0648.6714,0655.0447,et euh alors au_début il voit euh le les le mec qui trompe sa femme enfin tu vois les trucs rigolos enfin bon anecdotique disons
DVD_AG_1,0655.3674,0658.6727,et_puis après à_un_moment_donné il voit un mec un_peu suspect un des voisins suspects tu vois
DVD_AG_1,0659.4545,0663.1617,et petit_à_petit et il_y_a un meutre il_y_a il_y_a un meutrier évidemment en série dans la ville
DVD_AG_1,0663.8024,0670.6083,et il à l' impression que c'est que c'est le mec donc et alors au_début on le prend pour il il croit qu' il est parano parce_que le mec il joue bien son jeu
DVD_AG_1,0671.3818,0674.3599,jusqu'à qu' effectivement il se ça soit vraiment lui quoi donc_euh
DVD_AG_1,0674.8687,0676.8495,et là le mec il a ouah voilà ouais
DVD_AG_1,0677.4304,0679.2630,et tu as aide euh ah ouais voilà voila
DVD_AG_1,0679.5514,0683.4382,ben à_la_fin ça finit euh ils découvrent des cadavres partout euh bon
DVD_AG_1,0683.9194,0688.1910,mais le jusqu'à ce que ça devienne euh tu vois tant_que c'est un_peu c'est pas mal moi j' aime bien
DVD_AG_1,0689.3589,0691.4901,mais tu vois quand après ça commence à couper
DVD_AG_1,0693.0554,0693.2154,beh ouais
DVD_AG_1,0693.4254,0694.0397,ouais ouais ouais ouais
DVD_AG_1,0695.8074,0698.1817,non mais là c'est tout_de_suite c'est à la tronçonneuse c'est euh
DVD_AG_1,0698.9097,0699.2324,ouais
DVD_AG_1,0699.7723,0704.2432,c'est comme les films tu sais euh # et pareil seb il me l' a p- il m' en à passé un aussi piranhas là tu sais
DVD_AG_1,0705.0329,0705.8394,un film de piranhas
DVD_AG_1,0706.2804,0706.7787,@
DVD_AG_1,0707.6754,0708.7011,voilà putain
DVD_AG_1,0708.9434,0710.6598,ouais ouais ouais c'est bon là c'est *
DVD_AG_1,0711.9308,0712.3359,oh putain
DVD_AG_1,0714.0959,0714.5177,ouais
DVD_AG_1,0717.0176,0719.2836,le plus pourri ah ouais ouais ah ouais ouais ouais
DVD_AG_1,0723.8872,0724.5740,d'accord
DVD_AG_1,0726.8794,0727.1994,mais là
DVD_AG_1,0728.4861,0728.7752,ah
DVD_AG_1,0730.7145,0733.1044,@ ah ouais non mais c- c'est soûlant ah ouais c'est soûlant
DVD_AG_1,0733.4482,0737.4234,là les piranhas là bon c'est bon t' es tu vois vite le truc ah ils se font tous bouffer euh
DVD_AG_1,0738.2192,0740.8314,si possible en_plus les méchant les g- les euh
DVD_AG_1,0741.2928,0747.0131,euh les mecs qui se pensent qu' au qu' au cul ils se font bouffer les couilles enfin bref voilà <p * allez ouais voilà
DVD_AG_1,0747.9212,0750.9183,alors après_qu' est ce qu' on a american pie alors ça en général
DVD_AG_1,0754.1881,0755.6154,ouais moi j' ai vu mais
DVD_AG_1,0756.0494,0757.1786,pareil ça franchement
DVD_AG_1,0757.7879,0759.9970,ah ben d'ado- ou d'a- d'a- j' en sais rien
DVD_AG_1,0761.1244,0761.6456,mais bon
DVD_AG_1,0763.0700,0765.7628,tu vois c'est les vo- les grosses comédies euh c'est même_pas des comédies quoi
DVD_AG_1,0766.7844,0768.6427,mais peut-être que parce_que euh
DVD_AG_1,0769.4921,0772.2492,ah ouais c'est c- à l' américaine le goût *
DVD_AG_1,0772.8896,0775.9064,* ouais les style spring sping break quoi les hun
DVD_AG_1,0777.9194,0779.5194,ouais il_y_a des jolies nanas d'accord mais bon
DVD_AG_1,0783.7982,0785.5228,<p c'est même_pas forcément des acteurs
DVD_AG_1,0797.5399,0798.5753,bon celui là on va avoir du mal hein
DVD_AG_1,0799.2715,0802.0404,@
DVD_AG_1,0804.0074,0806.9281,qui c'est qu' il_y_a là dedans attend putain tu sais que j' y vois de moins en moins moi
DVD_AG_1,0808.4295,0809.2793,ben je les ai pas prises là
DVD_AG_1,0810.2701,0811.6061,et toi tu en avais pas besoin toi au faut
DVD_AG_1,0812.8954,0815.2646,ah ouais que t' as trouvé la pharmacie là ah ouais ben finalement c'est
DVD_AG_1,0816.3319,0817.0020,ça te va bien
DVD_AG_1,0820.2270,0823.8941,ouais des étudiantes très chaudes ouais aussi débridées que son fameux cousin <p
DVD_AG_1,0825.4776,0826.2476,* ouais ok
DVD_AG_1,0826.5076,0826.8065,bon
DVD_AG_1,0828.3594,0829.8153,chouchou putain je l' avais oublié ça
DVD_AG_1,0830.1257,0830.7674,tu l' a vu celui là
DVD_AG_1,0836.7354,0837.6634,moi j' adore gad elmaleh
DVD_AG_1,0838.8423,0841.1009,moi j' adore gad elmaleh euh c'est clair
DVD_AG_1,0841.3934,0845.1216,après dans chouchou c'est pas son meilleur personnage moi que
DVD_AG_1,0846.2874,0848.1492,ah ouais c'est excessif il est excessif ouais
DVD_AG_1,0849.2482,0852.6431,il est excessif euh mais après c'est rigolo moi j' aimais bien son accent un_peu
DVD_AG_1,0853.7464,0854.1345,ah_bon
DVD_AG_1,0856.7741,0857.3385,qu' est ce que
DVD_AG_1,0859.8134,0861.1452,ah ouais ah moi j' ai bien aimé moi
DVD_AG_1,0861.5914,0861.9097,ah ouais
DVD_AG_1,0863.1897,0867.9843,ah ouais + @ ah ben c'est le but ouais c'est sûr ah ouais c'est sûr
DVD_AG_1,0868.2266,0869.6923,didier ah oui c'est_vrai
DVD_AG_1,0872.1580,0872.4967,euh
DVD_AG_1,0873.1294,0875.0953,attend dans quoi je l' ai vu il_y_a pas longtemps chabat
DVD_AG_1,0876.4299,0880.3068,oui ça c'est sûr quand il jouait avec les nuls mais euh mais pas dans les mais quand il joue pas dans les nuls attends
DVD_AG_1,0881.1354,0883.5213,il est un_peu il f- attend c' était un rôle un_peu à contre courant
DVD_AG_1,0883.8542,0884.9416,enfin à contre emploi pardon
DVD_AG_1,0890.6088,0893.3357,* je sais plus euh attend dans quoi je l' ai vu chabat
DVD_AG_1,0894.0286,0900.3858,bon moi ou je l' avais bien aimé c' était où j- c' était pas mauvais c' était aussi dans euh * dans euh tu sais asterix et cléopatre là
DVD_AG_1,0900.6217,0902.2866,asterix mission cléopatre voilà voilà
DVD_AG_1,0903.6319,0904.1977,il faisait
DVD_AG_1,0905.3669,0906.0282,ouais voilà
DVD_AG_1,0906.7034,0915.0916,* par_contre là oui là il est en mais là c'est pareil là il est un_peu excessif chabat tu sais il fait un_peu le * et après il tombe amoureux tu vois c'est un_peu le bourge euh
DVD_AG_1,0917.9514,0920.7406,non c' était c'est pas son moi j- j' aime bien gad elmaleh mais c'est
DVD_AG_1,0920.9566,0923.7972,pas son forcément son personnage mais ceci dit je me rappelle plus vraiment quoi
DVD_AG_1,0929.6556,0930.0817,le blond
DVD_AG_1,0933.9930,0935.7374,c'est pas dans la vérité si je mens là non
DVD_AG_1,0939.9985,0941.7357,de ses ouais ouais ouais de ses de ses spectacles
DVD_AG_1,0946.0954,0946.9302,ouais d'accord
DVD_AG_1,0949.7619,0951.8082,* d'accord ouais ouais ouais ouais d'accord
DVD_AG_1,0953.1530,0954.6681,oui ça me dit quelque_chose maintenant que tu m' en parles
DVD_AG_1,0956.8974,0957.4661,excessif
DVD_AG_1,0957.8475,0958.1589,ouais
DVD_AG_1,0962.0474,0965.0165,ben il est tout ouais il est c'est_vrai que non moi je l' aime bien comme humoriste quoi
DVD_AG_1,0965.3517,0965.7134,voilà
DVD_AG_1,0967.3980,0968.5730,c'est_vrai que
DVD_AG_1,0968.9272,0969.1570,putain
DVD_AG_1,0970.3967,0973.2969,et ça + ouais ça c'est des trucs de science-fiction de enfin *
DVD_AG_1,0973.7914,0974.2802,beowolf
DVD_AG_1,0974.7944,0975.6650,beuwolf
DVD_AG_1,0979.1957,0980.1414,owissor clins
DVD_AG_1,0980.9747,0982.8369,mais c'est_ça c'est un_peu hum
DVD_AG_1,0983.4127,0985.9916,c'est semi historique ça hein c'est pas forcément euh
DVD_AG_1,0987.4185,0987.9586,voilà
DVD_AG_1,0989.5442,0991.6729,autoproclamé arrogant euh
DVD_AG_1,0995.5812,0996.5342,pourfendeur de monstres
DVD_AG_1,0997.3434,0998.6356,ah oui aussi moi j' adore ça
DVD_AG_1,0999.0766,1000.0906,film historique j' aime bien
DVD_AG_1,1000.7966,1002.9509,même si euh qu' après il faut pas trop lire euh
DVD_AG_1,1003.6652,1006.2394,et euh il est plein_de il est plein_de euh
DVD_AG_1,1006.6234,1010.2407,il est plein_d' absurdités hein mais bon il faut pas *
DVD_AG_1,1011.3656,1011.5376,oui
DVD_AG_1,1012.4794,1013.6963,ah ouais j' aime bien moi ça
DVD_AG_1,1013.9079,1014.2554,ah ouais
DVD_AG_1,1014.6662,1016.4154,mais je les ai moi je les ai ah ouais ouais ouais
DVD_AG_1,1017.2924,1026.3354,dernier des mohicans * non après ce qui est des fois euh décevant c'est que des fois il te il n- historiquement tu vois ils_sont pas euh ah ouais largement * un des pires que j' ai vu dans le genre c'est euh
DVD_AG_1,1027.1181,1027.5924,c'est troy
DVD_AG_1,1028.1193,1028.7371,tu l' as vu troy
DVD_AG_1,1029.4955,1033.9320,ou normalement euh et j' avais en- j' avais lu si tu veux normalement euh achille
DVD_AG_1,1034.7674,1036.7213,normalement achille qui est joué par brad pitt
DVD_AG_1,1037.7932,1039.8793,euh achille il m- il tue il tue
DVD_AG_1,1040.4723,1041.0108,hector
DVD_AG_1,1041.6457,1042.1306,oui c'est_ça
DVD_AG_1,1042.6553,1045.3432,tu t' en ra- tu sais ils ils se battent il tue hector il le traine en
DVD_AG_1,1046.1087,1048.5276,il le tr- il traine sa dépouille tu vois sur son char
DVD_AG_1,1048.9949,1055.3274,et des remparts normalement le son le frère d' hector paris avec son arc il tue il tue euh achille au talon d' achille
DVD_AG_1,1056.5250,1058.2714,en faisant ça + donc c'est le milieu du film
DVD_AG_1,1058.5956,1064.3194,sauf que brad pitt il a dit §moi je meurs pas au milieu du film§ h je meurs à_la_fin du film donc ils le font il ont changé l' histoire
DVD_AG_1,1065.7029,1069.2954,parce_que brad pitt il voulait pas mourir au milieu du film voilà alors ça c'est_vrai que c'est un_peu
DVD_AG_1,1070.5760,1071.5501,@ ouais c'est sûr
DVD_AG_1,1072.4460,1075.1118,mais c'est_vrai que ça tu vois quand tu as des fois ils t' arrangent un_peu la
DVD_AG_1,1083.9012,1084.5625,n- le roi arthur
DVD_AG_1,1086.3002,1088.3708,ah mais oui alors je vois qui c'est
DVD_AG_1,1088.7544,1090.0106,ah oui oui oui je vois qui c'est alors
DVD_AG_1,1090.3511,1092.1114,d'accord ah oui arthur j' aime bien ouais ouais
DVD_AG_1,1092.3532,1093.6495,h mais il en ont fait plein maintenant hein
DVD_AG_1,1095.4375,1097.0654,arthur la dernière légion
DVD_AG_1,1101.1250,1102.2714,la dernière légion tu l' as vu
DVD_AG_1,1102.6511,1107.4350,bein c'est un_peu l' histoire du roi arthur aussi c'est pareil c'est les derniers h alors c'est marrant aussi c'est parce_que d'un coup
DVD_AG_1,1107.9005,1111.1354,tu sais il_y_a plein_de peplum maintenant il se passe en angleterre fin tu vois c'est
DVD_AG_1,1113.0554,1113.7161,en angleterre
DVD_AG_1,1116.2849,1117.2794,exactement
DVD_AG_1,1117.6154,1121.3982,et il refait une dernière fois exactement ouais ouais ouais ouais ouais tu l' as vu voilà
DVD_AG_1,1121.7465,1124.0935,mais alors ce qui est marrant c'est que maintenant les peplum ils se passent tous en angleterre
DVD_AG_1,1124.4945,1126.7834,tu sais comme si ben ouais parce_que c'est les américains
DVD_AG_1,1127.2992,1131.3610,tu vois hop via l' angleterre d'un coup bientôt ils_vont être romains les américains tu vois c'est
DVD_AG_1,1132.0954,1138.0813,et il_y en a un paquet là il_y_a roi arthur la dernière légion # qu' est-ce_qu' il_y_a aussi l' aigle de la neuviè- enfin il_y_a eu trois ou quattre peplum comme ça
DVD_AG_1,1138.9748,1139.3788,l' aigle
DVD_AG_1,1139.8449,1140.4580,celui là aussi
DVD_AG_1,1140.7588,1141.9564,ben ils en ont fait plein tous en angleterre
DVD_AG_1,1142.4921,1144.5892,comme par hasard tu voi comme si les romains euh
DVD_AG_1,1145.2571,1145.5966,mais bon
DVD_AG_1,1146.9838,1147.4096,et euh
DVD_AG_1,1147.7914,1148.6225,et hum <!>
DVD_AG_1,1148.9777,1150.6620,euh gladiator moi j' avais bien aimé aussi
DVD_AG_1,1152.4130,1154.5894,oui c'est_vrai qu' il faut qu' on négocie les hum *
DVD_AG_1,1154.9707,1157.1691,il faut qu' on négocie les euh
DVD_AG_1,1157.4734,1157.7395,euh
DVD_AG_1,1161.5264,1163.1804,@ alors attend
DVD_AG_1,1163.5353,1164.0997,prend prend
DVD_AG_1,1164.3575,1165.8506,prend ce que tu veux toi qu' est ce que tu veux toi
DVD_AG_1,1167.5861,1167.6963,<!>
DVD_AG_1,1167.9666,1168.7787,allez prend le allez
DVD_AG_1,1169.2794,1171.4599,moi je veux bien je veux bien celui là moi le dernier empereur
DVD_AG_1,1174.1754,1176.0510,allez ben donne le moi moi j- j' aime bien ça
DVD_AG_1,1176.9438,1178.0267,surtout que c'est euh
DVD_AG_1,1183.0916,1185.3077,* si ben c'est si tu veux c'est
DVD_AG_1,1187.6869,1187.9118,ouais
DVD_AG_1,1190.3086,1192.4249,bon tu sais ce qu' on va dire ces deux là ils_sont c'est les_plus pourris
DVD_AG_1,1194.7055,1195.8304,ouais c'est ce fr- c-
DVD_AG_1,1197.3030,1198.1545,ah non_pas du_tout hein
DVD_AG_1,1198.6549,1203.9937,ouais c- bon c'est du + jim carrey c'est euh c'est euh le masque quoi tu sais tu as déjà vu le masque c'est
DVD_AG_1,1204.8954,1207.9994,s- ouais voilà ben c'est du jim carrey euh
DVD_AG_1,1210.4314,1214.8024,voilà tu vois c' était co- bourré de gags hilarants bon ça c'est chacun son truc mais bon
DVD_AG_1,1215.4206,1217.2880,d' effets spéciaux euh
DVD_AG_1,1220.2382,1223.1387,ouais c'est comment il s'appelle euh c'est f- freedman qui fait dieu
DVD_AG_1,1226.3376,1228.8027,freeman freeman freeman ouais ouais ouais c'est un dieu black
DVD_AG_1,1236.1807,1236.3813,fais voir
DVD_AG_1,1239.5802,1240.5264,et ben ouais probablement
DVD_AG_1,1244.7165,1246.2005,tu as vu il joue dans quoi lui aussi là
DVD_AG_1,1249.3146,1260.5434,si si attend moi il a fait d'autres films putain j' ai j' ai moi j' ai des problèmes de_toutes_façons avec les noms + * + d' acteurs bon ces deux là c'est les deux plus pourris on verra qui prend lequel
DVD_AG_1,1263.2634,1264.1102,bon_ben alors attends
DVD_AG_1,1270.4609,1272.5754,toi tu veux prendre la vérité prends la vérité si tu veux
DVD_AG_1,1274.5756,1277.1444,@ et ben prends american pie alors
DVD_AG_1,1279.0394,1281.7441,non c'est pas euh si tu veux c'est c'est c'est pas euh
DVD_AG_1,1283.2613,1285.0718,c'est lourdingue quoi <p c'est euh
DVD_AG_1,1285.9348,1288.8901,c'est tu as déjà vu les spring break américain voilà c'est_ça quoi euh *
DVD_AG_1,1289.5480,1289.6671,ah
DVD_AG_1,1290.2761,1294.5572,* euh vas y toi qu' est ce que tu veux moi j' ai les deux là déjà donc c'est à toi
DVD_AG_1,1295.9626,1296.8114,si tu veux choisi
DVD_AG_1,1298.7716,1299.4447,tu prend celui là
DVD_AG_1,1299.7092,1300.3350,ah ben si tu veux
DVD_AG_1,1305.2657,1307.5113,je sais je t' ai dit halloween je les ai pas j' ai jamais vu moi halloween
DVD_AG_1,1307.8417,1309.5572,* mais c'est euh
DVD_AG_1,1310.8139,1313.3033,ah ben alors c'est pas mal jimmy lee curtis attends dans quoi
DVD_AG_1,1313.5899,1314.4122,ah oui dans wanda
DVD_AG_1,1314.7655,1317.4776,elle s- un poisson n- tu l' as vu le poisson nommé wanda h putain
DVD_AG_1,1321.5354,1322.4499,ouais c'est compliqué
DVD_AG_1,1322.6747,1323.0394,ah ouais
DVD_AG_1,1324.7034,1325.3295,oauis mais il
DVD_AG_1,1325.7754,1327.9694,ah ouais quand_même pourtant c'est plein_d' allusions hein
DVD_AG_1,1328.9129,1329.8648,c'est plein_d' allusions
DVD_AG_1,1330.0746,1330.5096,ouais ouais
DVD_AG_1,1331.1665,1336.1939,* mais euh moi je l' ai revu avec marion un poisson nommé wanda ça m' a déçu + alors est ce qu' on était pas dans le truc
DVD_AG_1,1336.7034,1338.2358,ah ouais tu cro- je crois hein ouais ouais
DVD_AG_1,1339.6154,1342.4634,ouais put- tu vois un_peu un_peu les gags en un_peu ouais
DVD_AG_1,1343.5990,1344.3527,oui vu revu
DVD_AG_1,1344.5754,1346.9199,moi le coup des chiens ça m' avait fait mourir de rire ça m' a plus fait rire là
DVD_AG_1,1347.2550,1349.5836,tu sais quand euh il essaye d' écraser les chiens là ouais ouais tu sais
DVD_AG_1,1349.8789,1352.5668,il se rate le mec il begaye bon euh *
DVD_AG_1,1356.1626,1357.2626,celui_qui fait le russe là
DVD_AG_1,1357.5026,1357.5726,euh
DVD_AG_1,1357.8526,1358.5449,euh *
DVD_AG_1,1360.5594,1361.9819,oui c'est_ça d'accord ouais
DVD_AG_1,1362.9264,1363.3650,ah ouais
DVD_AG_1,1364.9754,1366.0154,ah oui celui_qui begaye
DVD_AG_1,1368.5346,1372.6234,ouais c'est_ça d'accord d'accord d'accord + ah ouais ouais ouais ouais ouais h ah ouais oui oui oui
DVD_AG_1,1373.8892,1374.2082,putain
DVD_AG_1,1377.3362,1378.6768,b- b- b- b- b- b-
DVD_AG_1,1381.0948,1381.6541,ben prends
DVD_AG_1,1383.5852,1383.8152,ouais
DVD_AG_1,1384.1352,1384.2359,h.
DVD_AG_1,1387.0593,1388.1353,allez prend la vérité
DVD_AG_1,1390.3919,1390.6819,bon
DVD_AG_1,1391.8719,1391.9227,euh
DVD_AG_1,1392.7029,1394.9006,ouais c'est sym- c'est sympa il_y_a des trucs rigolos
DVD_AG_1,1400.4871,1401.2466,tu l' as pas vu camping
DVD_AG_1,1401.6714,1403.5339,c'est pas mal il_y_a des trucs euh
DVD_AG_1,1404.7034,1406.4274,ouais il est un_peu ben il est excessif lui aussi
DVD_AG_1,1406.9246,1408.1075,mais il est passé il_y_a pas longtemps camp-
DVD_AG_1,1408.3816,1409.0516,moi je l' ai revu là
DVD_AG_1,1409.3716,1411.7253,je l' ai revu il_y_a dix jou- attends c' était il_y_a dix jours un truc comme ça
DVD_AG_1,1412.3834,1413.5752,ouais il_y_a des truc rigolos quoi
DVD_AG_1,1416.8185,1418.4257,m- @ ça doit être que des inconnus ça
DVD_AG_1,1428.9434,1430.1862,allez moi je te prends halloween alors
DVD_AG_1,1432.1256,1432.9271,ouais ça_va
DVD_AG_1,1436.8157,1437.2112,allez
DVD_AG_1,1440.7315,1442.3161,parsemé de cadavres et de crimes
DVD_AG_1,1445.3274,1446.7836,ah ben oui c'est là où il_y_a jimmy lee curtis
DVD_AG_1,1447.1899,1448.2599,putain on le voit même_pas en photo
DVD_AG_1,1451.0688,1451.3691,allez
DVD_AG_1,1452.2363,1453.3795,n' importe moi là franchement
DVD_AG_1,1458.9427,1462.1881,bruce tout puissant putain mais comment il s'appelle ce film avec jim carrey quoi
DVD_AG_1,1467.2018,1471.6342,euh bon allez chouchou * jim car- putain comment il s'appelle ce film euh
DVD_AG_1,1472.4319,1473.4159,dans le sous le dôme là
DVD_AG_1,1480.4689,1481.4305,ça fait peur hein quand_même
DVD_AG_1,1482.3367,1483.6369,h alors
DVD_AG_1,1490.8801,1492.8208,mais je ça me dit rien en_plus ce film là ah ouais
DVD_AG_1,1494.7943,1495.2154,ouais ouais
DVD_AG_1,1501.3981,1501.9630,ouais c'est_vrai
DVD_AG_1,1503.9782,1505.2303,h ah tiens une un-
DVD_AG_1,1505.9372,1507.1686,ouais ça fait déjà un moment mais
DVD_AG_1,1507.5273,1507.6522,ouais
DVD_AG_1,1508.1614,1509.3553,on à vu euh
DVD_AG_1,1510.3111,1510.6793,euh
DVD_AG_1,1511.2717,1517.3677,un t- un qui est vraiment bien là qu' on a revu que je m' étais dit tiens c'est bizarre on n' a j' ai même_pas entendu parlé h shuttle island ça te dit quelque_chose
DVD_AG_1,1518.4998,1520.4845,bon hein ça_va h shuttle island
DVD_AG_1,1521.4394,1521.6885,ouais
DVD_AG_1,1522.7686,1524.8598,c'est avec euh di caprio
DVD_AG_1,1526.6198,1527.1354,tu l' as vu
DVD_AG_1,1527.9894,1534.0154,c'est là ou euh si tu veux au_départ il arrive c'est un enquêteur de la c'est un enquêteur du fbi euh
DVD_AG_1,1535.3511,1538.9813,ben tu vois rien venir moi j' ai rien vu venir je me suis fait bananer d'une force
DVD_AG_1,1539.5205,1541.2040,et après tu te rends compte que c'est lui qui est fou
DVD_AG_1,1541.5967,1544.1466,ouais alors_qu' au dé- il enquête sur un asile de fou
DVD_AG_1,1544.5853,1548.9103,il est trop bien fait ce film ah putain j' ai adoré celui là là j' ai on l' a vu il_y_a pas longtemps là *
DVD_AG_1,1558.6354,1559.0356,d'accord
DVD_AG_1,1564.6449,1565.5158,c'est un film comique alors
DVD_AG_1,1591.8825,1592.1579,mh mh
DVD_AG_1,1600.5114,1603.3031,@
DVD_AG_1,1612.5486,1613.6328,ouais c'est dur de raconter ouais
DVD_AG_1,1625.3931,1628.8252,mais par les a- par des a- par les alliés côté alliés alors ou ah là d'accord ok
DVD_AG_1,1631.4232,1631.7947,d'accord
DVD_AG_1,1643.5221,1644.6112,comment tu dis que ça s'appelle
DVD_AG_1,1645.8895,1647.4075,ah c'est_ça d'accord to be or not to be
DVD_AG_1,1648.6317,1649.1953,ah oui c'est_ça
DVD_AG_1,1650.1849,1651.4442,en divx d'accord
DVD_AG_1,1652.4262,1653.0198,ah ben ouais ouais
DVD_AG_1,1664.1114,1667.9635,oui en ce moment ouais ouais sur arte c'est sur arte qu' il_y_a le si- non c'est oui sur arte ouais
DVD_AG_1,1668.6262,1668.9114,ah ouais
DVD_AG_1,1673.7297,1675.8782,un truc comme ça ouais ouais je n- j' ai pas on l' a pas vu moi j' ai pas vu
DVD_AG_1,1689.9282,1690.4652,pas banderas
DVD_AG_1,1690.8327,1694.3259,non non h euh non c'est en il joue plutôt en france lui oui
DVD_AG_1,1695.4636,1696.5012,euh mais l' autre
DVD_AG_1,1698.4940,1699.0320,d'accord
DVD_AG_1,1701.2425,1702.2289,mh je l' ai pas vu ça
DVD_AG_1,1704.8813,1706.3320,tiens on est allé voir nous on est allé v-
DVD_AG_1,1706.9913,1707.2319,non
DVD_AG_1,1707.8924,1715.7688,on est allé voir il était temps tu sais c'est celui c'est alors euh le h c'est le réalisateur qui à fait quatres mariages et un enterrement un truc anglais là tu vois là euh
DVD_AG_1,1716.5919,1721.9320,notting hill notting euh love actually des trucs comme ça tu vois tu les vois ces films
DVD_AG_1,1722.4794,1723.4691,j' aime bien moi cet humour là
DVD_AG_1,1724.9559,1727.6948,l' humour anglais un_peu mais tu sais à la fois dramatique
DVD_AG_1,1728.6714,1735.7154,mais mais la vie contin- enfin tu vois c'est euh c- humour et humour et et et et et difficultés quoi et drame quoi ouais ouais
DVD_AG_1,1736.5904,1737.3558,c' était sympa ouais
DVD_AG_1,1739.1460,1739.4514,ouais
DVD_AG_1,1739.8994,1740.1652,ben pas t-
DVD_AG_1,1740.5879,1740.7256,m-
DVD_AG_1,1740.9940,1742.7151,ouais putain c'est un de mes préférés moi aussi
DVD_AG_1,1744.3519,1745.0465,et euh là c'est euh
DVD_AG_1,1747.9514,1748.1594,ouais
DVD_AG_1,1751.7860,1753.9834,le le coeur des hommes tu l' a jamais tu l' a déjà vu ah ouais ouais
DVD_AG_1,1757.8714,1761.8335,ah voilà voilà ouais ouais ouais oauis ah mais tu veux dire au_niveau_des des copains en tant_qu' acteurs
DVD_AG_1,1762.2372,1762.9840,tu veux dire aussi
DVD_AG_1,1763.8550,1764.1432,ouais
DVD_AG_1,1765.1817,1766.0720,ouais *
DVD_AG_1,1766.5907,1771.2155,parce_que après euh daroussin tout_ça tu les vois toujours aussi là tu sais bacry daroussin euh
DVD_AG_1,1771.6094,1771.9177,ouais
DVD_AG_1,1774.4634,1775.2970,oui aussi ouais
DVD_AG_1,1781.4616,1782.4209,je l' ai pas vu non celui là
DVD_AG_1,1784.8395,1785.2431,d'accord
DVD_AG_1,1790.6889,1791.1436,d'accord
DVD_AG_1,1795.5350,1796.1082,d'accord
DVD_AG_1,1801.2306,1803.6154,plein_d' histoires ouais ouais ouais ouais ouais ouais
DVD_AG_1,1804.2815,1805.1341,oh putain tu euh
DVD_AG_1,1806.7660,1807.5250,oh putain là
DVD_AG_1,1808.4441,1808.9340,oui aussi
DVD_AG_1,1815.9210,1819.0570,oui attend euh oui * oui oui il_y en a eu un attends c' était quoi
DVD_AG_1,1821.5674,1823.2470,oui il en a ressorti un il_y_a pas longtemps
DVD_AG_1,1824.1291,1825.2074,c'est_ça je devrais être ça
DVD_AG_1,1825.6622,1829.4482,c'est_ça + voilà exactement ouais ouais ouais non c' était pas un cow-boy c' était une histoire de cow-boy
DVD_AG_1,1829.7909,1830.1624,ah d'accord
DVD_AG_1,1830.4154,1831.4689,h c' était l' an dernier
DVD_AG_1,1832.5266,1833.0741,l' an dernier
DVD_AG_1,1834.3039,1838.5737,nous on était allé voir euh il_y_a le ah oui c'est_ça à l' époque où il_y avait celui là on était allé voir le film sur lincoln là
DVD_AG_1,1839.2566,1840.5920,tu sais il_y_a un film sur lincoln qui est sorti là
DVD_AG_1,1841.7072,1842.1428,voilà
DVD_AG_1,1842.3446,1843.4750,celui_qui jouait dans euh
DVD_AG_1,1844.0083,1846.3964,euh qui qui faisait les randé- là dans merde
DVD_AG_1,1848.4180,1850.1281,exactement le même + c'est lui
DVD_AG_1,1851.4261,1852.3726,il faut y a- f-
DVD_AG_1,1857.3841,1858.7932,épopée historique tu veux dire ou euh
DVD_AG_1,1860.4272,1861.3367,l- brave heart mais non
DVD_AG_1,1864.4055,1865.0204,écossaise
DVD_AG_1,1875.5153,1876.1105,ça me dit rien
DVD_AG_1,1882.4177,1882.9397,d'accord
DVD_AG_1,1885.0894,1885.4961,d'accord
DVD_AG_1,1891.8514,1892.6392,@ bon ça_va
DVD_AG_1,1893.1707,1896.6398,@ bon du_coup ça nous fait pareil parce_que tu coup tu te rappelles celui_qui fait
DVD_AG_1,1897.6174,1898.0081,ouais
DVD_AG_1,1903.7445,1905.4554,de_quoi moi si j' en vire un c'est celui là
DVD_AG_1,1906.0030,1906.4071,moi
DVD_AG_1,1907.8965,1909.7731,et pourquoi il faut en selectionner deux encore derrière non
DVD_AG_1,1912.3523,1912.6874,c'est bon
DVD_AG_1,1915.2445,1915.9779,on continue nous
DVD_AG_1,1917.7176,1918.7969,@ non là ça_va
DVD_AG_1,1925.1969,1926.1937,ouais ouais ça_va là
DVD_AG_1,1929.0255,1930.2200,non_pas forcément mais
DVD_AG_1,1936.7834,1942.1012,mais vous les avez vraiment achetés après parce_que j' ai cru au_début j' ai cru qu' il_y avait que les pochettes moi après j' ai dis merde il_y_a les d h h il_y_a les dvd dedans
DVD_AG_1,1942.5431,1944.0418,ah ouais ouais ouais j' ai regardé ouais
DVD_AG_1,1945.8411,1946.4701,ah ouais ouais
DVD_AG_1,1950.6821,1951.4932,beowulf
DVD_AG_1,1959.8554,1960.5594,ah ben pour de bon
DVD_AG_1,1964.7257,1966.4358,ah pour de bon d'accord
