DVD_JS_1,0000.0000,0002.7536,genre que tu dois regarder trente six millions de fois avant_de comprendre ouais
DVD_JS_1,0003.3181,0005.3418,euh et après les j' aime bien la
DVD_JS_1,0006.5896,0007.1579,bon_ben
DVD_JS_1,0008.0519,0008.7536,@
DVD_JS_1,0010.8292,0010.8749,clap
DVD_JS_1,0021.3440,0022.8337,tu as lancé l' enregistrement des micros
DVD_JS_1,0023.7766,0025.1615,tu as lancé l' enregistrement des caméras
DVD_JS_1,0025.6753,0026.8502,il_y_a de la batterie dans les caméras
DVD_JS_1,0027.8530,0029.1477,tu as vérifié que les micros marchaient bien
DVD_JS_1,0029.8262,0031.5209,tu as fait le clap pour euh tout avoir bien
DVD_JS_1,0032.3631,0035.8909,je voilà @
DVD_JS_1,0038.9370,0039.8649,olé
DVD_JS_1,0045.7165,0046.6155,c'est quoi c'est
DVD_JS_1,0046.8901,0049.6750,non non non non non euh euh cruelles intentions
DVD_JS_1,0055.3470,0056.7773,<!> c'est pas sex intention
DVD_JS_1,0062.5455,0067.2494,et du_coup ce serait le ah oui cruelles intentions et du_coup tu penses que ce serait parce_qu' en_fait le
DVD_JS_1,0067.8534,0070.4976,sex intention c'est le c'est le <!>
DVD_JS_1,0071.1769,0074.6609,c'est le remix c'est le remix de des liaisons dangereuses
DVD_JS_1,0081.9516,0082.8016,attends tu as quoi toi
DVD_JS_1,0083.1250,0083.4209,tu as
DVD_JS_1,0084.9342,0085.1731,ouais
DVD_JS_1,0087.0159,0087.6625,pearl harbor
DVD_JS_1,0088.5757,0089.2134,c'est quoi l' autre
DVD_JS_1,0089.4606,0089.7260,pan-
DVD_JS_1,0092.5732,0092.8267,ouais
DVD_JS_1,0095.6774,0096.6627,c'est_bien parce_que j' en ai vu
DVD_JS_1,0096.9220,0097.3744,aucun
DVD_JS_1,0097.7100,0098.9274,à part euh et
DVD_JS_1,0099.8187,0103.2474,et j' ai pas vu destination finale j' ai pas vu vicky christina barcelona
DVD_JS_1,0103.6914,0104.2214,je voulais le voir
DVD_JS_1,0104.8151,0108.0708,euh ça c'est quoi apparemment il_y en a deux dessus il_y à route neuf
DVD_JS_1,0108.7070,0109.4445,et red bull <p
DVD_JS_1,0111.9213,0115.4964,et téléphone publique @ ouais non mais j' ai aucune idée de ce que c'est
DVD_JS_1,0119.4696,0120.7664,c'est c'est quoi euh
DVD_JS_1,0122.2139,0124.4284,je l' ai pas vu non_plus en_fait j' ai vu aucun film qu' il_y_a là
DVD_JS_1,0125.4162,0127.1516,donc_euh
DVD_JS_1,0129.5070,0136.3956,mais c'est euh non moi j' ai vu sex intention mais je sais pas ce que c'est c'est quoi l' histoire de attends c'est pas la nana qui joue dans euh <!>
DVD_JS_1,0139.0222,0139.9569,c'est sarah michelle gellar ça
DVD_JS_1,0141.9555,0145.8571,parce_que j'au- j' aurai dit j' aurai dit euh la nana qui joue dans vampire diaries
DVD_JS_1,0147.7571,0148.0295,voilà
DVD_JS_1,0148.8289,0150.3941,euh je sais pas ce que
DVD_JS_1,0151.6287,0153.3333,ah je conaissais pas son nom de d' actrice
DVD_JS_1,0155.3588,0157.0102,d'accord moi je regarde bon @
DVD_JS_1,0157.4811,0159.1957,ah oui c'est il_y_a marqué sarah michelle gellar
DVD_JS_1,0163.0904,0164.1370,je connais pas du_tout non_plus
DVD_JS_1,0172.6274,0172.9326,il est bien
DVD_JS_1,0175.3711,0176.9669,c'est q- c- c'est quoi l' histoire
DVD_JS_1,0182.3749,0185.4634,tu me pas hein tu je @
DVD_JS_1,0193.0294,0193.4321,d'accord
DVD_JS_1,0196.2124,0197.5457,javier bardem
DVD_JS_1,0200.2010,0200.7379,on voit pas là
DVD_JS_1,0205.6091,0208.5356,d'accord oui mais me pas me pas me pas
DVD_JS_1,0210.6166,0210.6685,<!>
DVD_JS_1,0212.2081,0212.4328,ouais
DVD_JS_1,0212.9622,0215.1017,avec le groupe téléphone t' es serieux
DVD_JS_1,0216.2505,0217.9844,ah mais c'est c'est un
DVD_JS_1,0218.4035,0219.6334,j' allais dire non c'est un
DVD_JS_1,0219.8546,0220.8470,c'est c'est pas un live
DVD_JS_1,0222.1846,0227.4281,en soixante dix neuf téléphone le plus grand groupe de rock français se produit sur scène pendant une tournée triomphale
DVD_JS_1,0229.8377,0234.3756,jean marie périer en dresse un portrait intime mélant en_fait c'est un reportage sur téléphone
DVD_JS_1,0236.1764,0236.8172,ça peut_être pas mal
DVD_JS_1,0239.5111,0242.0454,ben euh c'est normal ils_sont séparés
DVD_JS_1,0244.3602,0246.6595,et euh enfin tu vois ce qu' ils chantent téléphone quand_même
DVD_JS_1,0248.2559,0248.7134,c'est
DVD_JS_1,0249.3494,0249.7244,voilà
DVD_JS_1,0250.1482,0253.1818,et ça se sent ça se sent que c'est toi
DVD_JS_1,0253.6608,0254.6768,quelque_chose en toi
DVD_JS_1,0255.0673,0256.9109,ne tourne pas rond
DVD_JS_1,0259.1616,0260.8721,ben jean louis aubert tu connais quand_même
DVD_JS_1,0261.6394,0262.9343,ben du_coup c'est le chanteur
DVD_JS_1,0263.6627,0266.8073,et en_fait ils se je sais pas s' ils se_sont séparés ou s' il_y en à un qui est mort
DVD_JS_1,0268.2790,0270.2987,mais euh
DVD_JS_1,0270.5921,0284.8191,donc_euh en_fait du_coup euh jean louis aubert après il a fait sa carrière solo c'est pour ça que t' entends plus parler de téléphone parce_que téléphone ils existent plus @ ok je vois que le cinéma c'est ton truc par_contre la musique @ ah ouais
DVD_JS_1,0299.2431,0317.7224,oui oui c'est sûr mais enfin téléphone quoi @ tu vois tu vois tu as des trucs c'est comme si tu me dis euh je sais pas c'est qui claude françois ah mais ça fait longtemps qu' on a pas entendu parler de claude françois @ ben aubert quand_même euh et louis bertignac
DVD_JS_1,0318.1590,0318.4890,aussi
DVD_JS_1,0319.0128,0321.0000,c'est euh apparemment c'est lui le gratteux
DVD_JS_1,0322.6037,0324.5927,après euh après je connais pas les autres
DVD_JS_1,0325.2151,0325.5019,mais bon
DVD_JS_1,0327.4180,0328.3555,<!> et du_coup euh
DVD_JS_1,0328.5751,0329.2005,attends c'est quoi ça
DVD_JS_1,0331.2639,0331.8833,vas y on lit
DVD_JS_1,0335.1853,0335.4813,là j-
DVD_JS_1,0335.9119,0338.6923,richard enconina et catherine_deneuve <p
DVD_JS_1,0341.0001,0341.7849,t' aime pas christophe lambert
DVD_JS_1,0346.5050,0355.3330,j' aime bien melina mac euh maglori matrix merci de mettre matrix entre euh @ entre parenthèses parce_que @
DVD_JS_1,0356.2623,0356.7052,si
DVD_JS_1,0357.9979,0358.8479,et il joue dans quoi
DVD_JS_1,0363.9369,0364.3468,pas du_tout
DVD_JS_1,0368.4941,0370.1706,ouais je connais pas je connais pas
DVD_JS_1,0372.5303,0373.2196,et ça parlede quoi
DVD_JS_1,0374.6065,0375.1413,et alors
DVD_JS_1,0378.4887,0378.8836,ouais
DVD_JS_1,0384.2787,0384.6552,mh
DVD_JS_1,0400.5047,0400.8447,d'accord
DVD_JS_1,0410.7207,0412.3601,tu t' y attend pas d'accord
DVD_JS_1,0415.9874,0416.3941,mh
DVD_JS_1,0417.5353,0418.2547,d'accord
DVD_JS_1,0421.8169,0422.2766,d'accord
DVD_JS_1,0424.4468,0430.8924,ben ouais mais le problème c'est que du_coup on va pas développer sur les filles qui utilisent ce système là sinon
DVD_JS_1,0432.3594,0433.0693,oui
DVD_JS_1,0439.9361,0442.6378,il a fait quoi david linch comme film parce_que
DVD_JS_1,0443.3090,0444.1139,ouais que j' ai pas vu
DVD_JS_1,0445.4111,0446.0209,que j' ai pas vu
DVD_JS_1,0460.6961,0461.1389,ouais
DVD_JS_1,0464.2909,0471.1533,je franchement je connais pas du_tout enfin tu sais de nom
DVD_JS_1,0471.6935,0471.9472,<!>
DVD_JS_1,0472.4755,0474.8096,si je crois que c'est lui qui à fait le premier euh ar-
DVD_JS_1,0475.7226,0480.0418,est ce que c'est celle là où est ce que c'est l' autre parce_que dernièrement j' ai regardé deux séries j' ai regardé house of cards
DVD_JS_1,0480.8899,0482.3046,et euh co- tu connais pas
DVD_JS_1,0483.3871,0484.0220,et ouais
DVD_JS_1,0485.3839,0488.0533,et donc house of cards et ca- euh hannibal
DVD_JS_1,0489.5354,0493.9644,et euh en_fait euh non je crois que c'est non il a fait le premier épisode de house of cards ou le deuxième
DVD_JS_1,0494.5830,0499.5867,et euh tu as pas du_tout entendu parlé putain franchement si tu peux regarder ça il faut absolument que tu le regarde c'est avec
DVD_JS_1,0503.0296,0503.7841,ouais
DVD_JS_1,0504.9864,0507.6454,franchement celle là elle est enormissime quoi
DVD_JS_1,0508.0494,0511.1831,c'est euh le l' acteur principal c'est kevin spacay
DVD_JS_1,0512.4901,0515.0748,et euh en_fait c'est euh
DVD_JS_1,0515.5139,0517.7038,ouauis ouais c'est une série ben moi je l' ai
DVD_JS_1,0519.2019,0519.4465,mh
DVD_JS_1,0521.0716,0526.9100,ben je pense_que c'est parce_que la série elle est tellement enorme que euh tu voit euh le truc enfin moi je l' ai découverte car je regarde sur canal
DVD_JS_1,0527.4638,0529.3584,je télécharge pas les séries ni rien je regarde
DVD_JS_1,0529.7376,0535.5118,ben mon copain il a canal et donc du_coup tu vois des fois et euh donc la du_coup on est tombé sur house of cards on s'est demandé ce que c' était
DVD_JS_1,0536.1454,0537.6353,en gros c'est une série politique
DVD_JS_1,0538.4034,0541.5731,ou euh kevin spacey il joue le rôle d'un
DVD_JS_1,0542.0471,0543.6669,je crois du hum
DVD_JS_1,0544.6448,0554.2824,du euh enfin c'est un parlementaire mais tu vois euh dans dans l' hémicycle en france tu as un mec qui gère la conversation là tu sais dans le truc ben je crois que c'est un un_peu l' équivalent quoi
DVD_JS_1,0554.9559,0561.0551,et euh et en_fait il veut ben il veut monter les échellons et tout et c'est un mec euh bon il
DVD_JS_1,0561.3146,0565.5183,il est marié avec une nana il_y_a que leur carrière qui compte donc ils_ont pas de gamins et tout nana-
DVD_JS_1,0566.2068,0568.9711,et euh et il fait mais tout ce qu' il veut pour arriver à ses fins
DVD_JS_1,0569.2954,0576.4741,et euh donc tu te dit ouais ça passe par des ça tombe en catastrophe son truc il va jamais réussir à_un_moment_donné je sais pas tu sais
DVD_JS_1,0577.1177,0591.6702,enfin il veut faire un truc et_puis ça marche pas c'est c'est vraiment euh tu te dit ouais c'est fini pour lui ça y est il est il sa carrière elle est morte et tout mais non le mec il retombe sur ses pattes il fait un truc et tout mais des trucs enfin c'est abusé et_puis ce que par_rapport_au pouvoir politique
DVD_JS_1,0591.9246,0596.7184,donc que des jeux euh des jeux de pouvoir on va dire tu vois de tirer les bonnes ficelles et tout
DVD_JS_1,0596.9979,0624.8374,et euh franchement il est enorme et tu as toujours des moment comme ça ou tu vois il fait son explication il est vachement cynique et euh et tout d'un coup il s' arrete il regarde la caméra et il dit donc là le mec vous voyez nanana et tu vois il parle il fait des a parte mais en parlant à la caméra en parlant on va dire au public quoi tu vois donc c'est vraiment c'est filmé trop bien la la série elle est trop bien j' ai vu que la première saison mais euh franchement on été dégouté quand la saison s'est arretée on à dit oh putain à quand la saison deux @ serieux quoi f
DVD_JS_1,0625.7173,0629.5799,<!> franchement ouais c'est si tu veux passer un bon moment
DVD_JS_1,0631.7301,0634.2697,ouais je franchement je sais pas mais euh
DVD_JS_1,0636.5048,0636.8897,ouais
DVD_JS_1,0644.2587,0645.1236,je suis nulle dans les noms
DVD_JS_1,0647.4488,0648.7179,mais euh ouais l-
DVD_JS_1,0652.4295,0652.7943,connais pas
DVD_JS_1,0661.6016,0663.1054,ouais non je connais pas du_tout
DVD_JS_1,0663.9485,0665.3183,euh moi comme comme je s-
DVD_JS_1,0670.3537,0671.3231,j' vois pas du_tout qui c'est
DVD_JS_1,0675.1580,0675.8429,après euh
DVD_JS_1,0677.0103,0680.2042,ouais co- ben déjà quand tu vois une série euh
DVD_JS_1,0680.4836,0681.9632,réalisée par davind linch euh
DVD_JS_1,0682.6716,0683.1316,dit bon
DVD_JS_1,0684.3210,0685.6100,ben c'est je suis persuadée que c'est_ça
DVD_JS_1,0686.0437,0687.6071,je suis persuadée que c'est_ça qu' il a fait euh
DVD_JS_1,0687.9018,0689.1162,il a pas fait tout les épisodes
DVD_JS_1,0689.6001,0693.9339,mais il est à l'initi- ouais il est ini- initiateur de la série ou je sais plus trop quoi mais euh
DVD_JS_1,0694.4877,0699.0717,david linch kav- kevin spacey tu te dis c'est pas possible je peut_pas ne_pas regarder quoi c'est
DVD_JS_1,0708.1843,0708.6892,<!> h ben
DVD_JS_1,0713.5876,0713.9089,ouais
DVD_JS_1,0716.5659,0717.0065,genre
DVD_JS_1,0720.0052,0720.6690,c- connais pas
DVD_JS_1,0721.0963,0722.2262,@
DVD_JS_1,0723.7036,0725.3732,connais pas @
DVD_JS_1,0728.2378,0729.4406,ouais mais j' ai pas regardé
DVD_JS_1,0734.7048,0734.9732,ouais
DVD_JS_1,0744.1384,0744.4354,ouais
DVD_JS_1,0745.0781,0751.6193,h ben du_coup du_coup euh house of cards niveau scénar- et_puis attends ca- hannibal niveau scénar- euh
DVD_JS_1,0752.4702,0754.2119,tu as pas regardé ah la la la la
DVD_JS_1,0754.6392,0756.8072,@
DVD_JS_1,0759.5164,0760.0566,ouais
DVD_JS_1,0761.3637,0766.7956,ben hanni- hannibal il est énorme parce_que enfin les premiers épisodes tu te dis un_peu ouais bof machin et tout euh
DVD_JS_1,0767.3076,0769.1905,enfin au_départ tu te dis ouais putain c'est génial
DVD_JS_1,0769.5062,0774.1208,après ça commence à aller dans les épisodes et tu te dis ouais bon le mec il tourne en rond quoi
DVD_JS_1,0774.5498,0778.3668,et au_fur_et_à_mesure en_fait c'est juste histoire de pouvoir amener son sujet
DVD_JS_1,0778.8223,0781.4029,et le mec il ammène son sujet et tu te dis euh
DVD_JS_1,0782.6084,0793.3389,ah ouais quoi et là là au_moment_où il te prend vraiment les tripes et tout la saison s' arrête et tu fais non c'est c'est désespérant c'est ben c'est un ouais
DVD_JS_1,0793.7281,0796.1422,là en ce moment je regarde tunnel sur canal toujours
DVD_JS_1,0796.5065,0797.3116,qui est pas mal aussi hein
DVD_JS_1,0797.9189,0800.6457,* franco anglais fr- ouais
DVD_JS_1,0801.0277,0803.1254,anglo-saxon anglo franco
DVD_JS_1,0804.8309,0818.7057,ben écoute c'est pour ça que je me suis dis tu vois euh c'est_vrai que des fois t' es obligé t' es obligé d' attendre qu' ils veuillent bien se décider à diffuser la saison deux là par_exemple ils_ont passé je sais plus quand est ce que c' était mais c' était il_y_a un sacré bout de temps ils_ont passé la saison un de h game of throne
DVD_JS_1,0819.4491,0819.8841,et euh
DVD_JS_1,0820.5126,0821.9876,et genre euh
DVD_JS_1,0822.4566,0826.4071,ouais moi j' ai lu les bouquins donc je suis à_la_fin de ce qui est publié franchement c'est génial
DVD_JS_1,0826.7852,0828.4737,le la série la série est très_bien faite
DVD_JS_1,0829.0634,0830.1050,après euh bon moi
DVD_JS_1,0832.5736,0832.8036,ouais
DVD_JS_1,0840.8162,0841.4961,ben après
DVD_JS_1,0841.7221,0848.3796,après euh ah non non non non non non en_fait tu vois le le truc c'est que le l'é- l' écrivain
DVD_JS_1,0848.9412,0850.4842,l' écrivain de game of throne
DVD_JS_1,0851.8706,0857.6364,ce mec là en gros c'est il_y_a un truc qu' il dit sur internet c'est vis ta vie comme un personnage de grr martin
DVD_JS_1,0858.2289,0860.2386,donc ça c'est celui_qui l' a écrit et
DVD_JS_1,0860.5609,0863.5808,en gros ça veut dire vis ta vie comme si tu pouvais mourir demain
DVD_JS_1,0864.0681,0871.8567,@ il_y_a des mecs ils se_sont amusés à mettre un un tu sais un marque page à chaque_fois qu' il tue un personnage quoi ou qu' il tue ou qu' il_y_a des morts
DVD_JS_1,0872.8913,0877.4224,je te jure c'est abusé quoi tu en as à quasiment toutes les pages et et il te tue
DVD_JS_1,0877.9415,0879.4238,il te tue les personnages principaux
DVD_JS_1,0879.6982,0881.5122,mais sans problème quoi tu vois genre euh
DVD_JS_1,0881.7876,0882.8231,le moment où tu
DVD_JS_1,0883.3281,0883.9742,voilà + non
DVD_JS_1,0884.3626,0884.6028,non
DVD_JS_1,0884.8076,0891.1651,non moi j' ai dis euh là je viens de finir le tome cinq qui est donc_euh qui est le dernier truc paru euh en anglais tout_ça machin
DVD_JS_1,0892.3886,0893.8686,non il est toujours en_train_de l' écrire
DVD_JS_1,0894.6867,0903.7095,et euh et donc du_coup euh je viens de finir le tome cinq et je et je me dis tu vois à_la_fin du tome cinq tu fais h en_fait il faut_il vaut co- il faut commencer à parier h sur
DVD_JS_1,0904.0138,0904.3712,quel
DVD_JS_1,0904.6572,0910.4004,euh personnage va survivre @ c'est @ parce_que il en tue tellement que t' es là tu te dis c'est pas
DVD_JS_1,0912.3742,0916.2795,il_y_a pas de personnage principaux en_fait dans cette série c'est c'est_ça c'est_ça qui est énorme
DVD_JS_1,0916.6487,0917.7078,en_fait tu as des grandes familles
DVD_JS_1,0918.0829,0923.7425,donc_euh c'est euh c'est le mince je suis en_train_de lire une_autre série donc du_coup j' ai euh
DVD_JS_1,0924.4909,0927.8657,j' ai le nom de l' autre série c'est le sept les sept royaumes un truc comme ça
DVD_JS_1,0928.3071,0931.3288,en gros le le peuple dans l' endroit où il habitent avant c' était des royaumes
DVD_JS_1,0931.7728,0945.3910,et donc tu as euh chaque famille qui était un roi qui était roi en_fait et tu as un h tu as tu as un tu as un en_fait tu as un mec qui est arrivé il a tout soudé et donc du_coup c'est devenu des royaumes et donc c'est des c'est devenu c' était plus des rois c' était des lords + ou je sais plus trop quoi enfin bref
DVD_JS_1,0945.9977,0948.4425,et euh et en gros un moment donné le roi meurt
DVD_JS_1,0949.1160,0955.7496,et euh il_y en a qui accusent ses enfants de pas être vraiment ses enfants donc d'avoir aucune légimi- légitimité au trône
DVD_JS_1,0956.4681,0960.6768,et donc du_coup ben en_fait ça_va partir euh de il_y en a qui vont dire bon_ben ok euh
DVD_JS_1,0961.1262,0966.4836,vu que le roi donc tu as les les frères du roi qui vont se dire ben nous euh c'est moi qui doit être roi parce_que j' était frère du roi
DVD_JS_1,0966.9395,0973.0213,et qu' il a pas d'enfants enfin tu vois tu as des tout un tas de trucs comme ça et donc ça_va commencer à être donc tu as les grandes familles effectivement
DVD_JS_1,0973.5314,0976.9057,et euh tu commences en_fait avec la grande famille du nord
DVD_JS_1,0977.3652,0979.7108,avec tous les membres de la famille tous les membres de
DVD_JS_1,0980.0038,0982.6591,d- quasi- tu as un seul membre de la famille qui est pas un personnage
DVD_JS_1,0983.0732,0984.0548,principal qui parle pas
DVD_JS_1,0984.4750,0988.2541,donc tu as tous les membres de la famille qui sont personnage principal tu as une_autre grande famille ou tu as
DVD_JS_1,0988.7693,0990.4547,trois personnages principaux
DVD_JS_1,0991.0444,0994.5763,en gros t- ouais mais tu en as une vingtaine
DVD_JS_1,0995.3991,0996.2183,si tu veux tu vois
DVD_JS_1,0997.6614,0999.6513,c'est c'est pas des personnages principaux une vingtaine
DVD_JS_1,1002.2616,1002.5061,ouais
DVD_JS_1,1006.7998,1007.0646,ouais
DVD_JS_1,1015.4464,1016.2197,mais oui mais parce_que
DVD_JS_1,1016.6356,1016.8341,voil-
DVD_JS_1,1017.2647,1018.2156,arya stark ouais
DVD_JS_1,1019.4069,1019.6316,si
DVD_JS_1,1021.9236,1023.0893,daenerys targaryen
DVD_JS_1,1028.3311,1038.7067,et ouais ouais mais moi je suis tu vois moi je suis plus en_fait le truc c'est que euh donc tu as cinq euh gros tomes mais quand je te dis gros tome c'est que le tome il est comme ça en de poche hein
DVD_JS_1,1039.6447,1042.1551,et euh la saison elle va jusqu'au trois
DVD_JS_1,1042.9179,1045.7472,au troisième tome donc il_y_a un ouais il_y_a trois saisons
DVD_JS_1,1045.9867,1046.6544,une deux trois
DVD_JS_1,1047.0408,1049.0055,une saison à peu près une saison par tome
DVD_JS_1,1049.5743,1052.4789,et euh et donc du_coup moi je suis deux tomes après et donc
DVD_JS_1,1053.0156,1053.1376,tu as
DVD_JS_1,1053.3578,1057.0847,y tu vois tu as tu as des_gens ils_sont ils_sont attachés à des persos
DVD_JS_1,1057.7531,1092.0482,et euh et et non et c- ça sert à rien de t' attacher à ce perso là parce_que parce_que y y a de fortes possibilités et même il_y avait des personnages h il_y en avait un je me suis dis putain lui il est à l' abri il_y_a pas de souci il mourra pas h et euh et en_fait euh tu arrives tu arrives au tome cinq fin du tome cinq et tu te dis non @ pas lui il était à l' abri il_y avait pas de problèmes il était pas sensé mourir putain et ben enc- en_plus le pire c'est que tu sais pas si il est mort enfin la le truc fini où il est sensé se faire tuer tu vois mais h mais tu sais pas et donc enfin
DVD_JS_1,1092.5709,1098.0774,et euh et il est il est très fort pour ça euh l' auteur c'est que pareil aussi tu te dis bon_ben ok
DVD_JS_1,1098.6857,1114.7279,* l' histoire c'est_ça h il_y_a une guerre des trônes et tout il_y_a tel mec qui fait l'arm- l' armée qui fait son armée et qui va machin na na na na h tu te dis ok bon_ben techniquement c'est sensé évoluer de ça ça_va aller dans ce sens là machin na na na h et euh finalement c'est cette famille là qui va arriver sur le trône tu vois
DVD_JS_1,1115.1984,1115.5466,ben non
DVD_JS_1,1116.0461,1123.7889,non ça se passe pas comme ça et euh enfin ça ça se passe pas du_tout comme ça même il se passe plein d'autres truc et c'est même_pas ça et tu te dis mais pourquoi enfin
DVD_JS_1,1124.3732,1125.8471,à_un_moment_donné enfin voilà le mec il f-
DVD_JS_1,1126.2953,1129.6410,pour moi c'est un un génie quoi s- tu vois c'est un_peu du même acabit que tolkien quoi
DVD_JS_1,1130.2270,1135.9011,le le gars il t- il t' invente des trucs euh où tu te dis enfin je m' attendais pas_à ça quoi je je pensais pas euh
DVD_JS_1,1136.6693,1143.2283,enfin pour moi pour moi il est vraiment très bon quoi comme comme auteur et euh et euh il_y_a des moments où tu te fais un_peu chier parce_que c'est la mise_en_place tu vois
DVD_JS_1,1143.8020,1148.2479,euh des persos et tout parce_que il_y_a eu il_y_a des grands rebondissements en_fait l' histoire elle fait vraiment des trucs comme ça
DVD_JS_1,1148.6556,1157.5084,donc c'est_vrai que pour arriver au deuxième pic et ben il faut bien_que ça redescende un_peu que ça se mette en_place h pour que en ça remonte ça remonte ça remonte h mais euh
DVD_JS_1,1158.0572,1165.8502,enfin ouais non mais je te jure franchement regarde le ou euh quoi que la série elle diver- elle diverge un_peu du bouquin mais
DVD_JS_1,1166.9948,1167.1229,oui
DVD_JS_1,1168.5623,1169.9454,* ben pour l' instant elle est toujours pas morte
DVD_JS_1,1171.2981,1172.5532,je @
DVD_JS_1,1173.9451,1175.1691,euh en_fait
DVD_JS_1,1176.0977,1179.1202,non non non en_fait donc tu as la famille du nord qui est la famille stark
DVD_JS_1,1179.7158,1187.2345,et en gros euh tu as le donc tu as * tu as la f- tu as le le le roi qui vient chercher stark
DVD_JS_1,1187.5284,1187.7747,père
DVD_JS_1,1188.5968,1189.7768,pour devenir main du roi
DVD_JS_1,1190.0611,1193.6159,donc en gros euh premier_ministre quoi tu vois @ si on transpose
DVD_JS_1,1194.2082,1195.8010,et donc ils descendent tous dans le sud
DVD_JS_1,1196.3893,1200.0574,et en_fait là il_y_a vraiment gros bordel et tout qui fait qu' en_fait la famille elle est éclatée
DVD_JS_1,1200.4864,1202.7163,et donc chaque membre de la famille
DVD_JS_1,1203.1253,1208.6068,va finir à un endroit différent de la carte et tout va avoir un on va dire un dessin destin différent
DVD_JS_1,1209.1521,1211.9975,tu en as qui meurent tu en as qui meurent pas tu en as tu vois enfin des trucs comme ça
DVD_JS_1,1212.5613,1216.4658,et en_fait arya stark elle elle a vraiment euh le destin on va dire le plus euh
DVD_JS_1,1216.7951,1232.1052,le plus fou c'est que c'est une gamine qui est justement pas prout prout machin et tout h elle est plutôt euh voilà elle était sa mère était toujours en_train_de se battre pour qu' elle se coiffe les cheveux h elle était tout_le_temps en_train_de mettre des pantalons euh h son frère avant_qu' elle parte il lui a offert une épée enfin tu vois le truc euh
DVD_JS_1,1233.0306,1233.8456,et euh et du_coup
DVD_JS_1,1234.8882,1240.8426,non_pas ouais non en_fait elle fait partie de la famille qui avant étaient rois du nord mais là ils_sont juste lords
DVD_JS_1,1241.6359,1243.9184,tu vois donc elle est elle est pas princesse elle est euh
DVD_JS_1,1244.1265,1249.4993,elle est d'une d'une très grande famille euh très haute famille h une des plus puissantes du royaume quoi
DVD_JS_1,1250.0631,1254.0788,et euh et donc en_fait ben du_coup elle elle s' échappe euh
DVD_JS_1,1254.4867,1259.3466,pour éviter de de mourir elle aussi euh h et euh et ell fait tout un tas de trucs enfin
DVD_JS_1,1259.8695,1263.8350,elle se fait attraper elle se re échappe euh machin elle fait des rencontres des trucs euh
DVD_JS_1,1266.6523,1267.3047,je pense pas
DVD_JS_1,1268.2105,1269.5355,non non ben j-
DVD_JS_1,1270.7228,1280.1676,après c'est si c'est la dernière qu' elle hérite quoi parce_que c'est la plus petite des filles et euh et euh c'est une des plus petites des enfants donc avant_qu' elle meure il faut en élaguer par mal
DVD_JS_1,1280.8997,1282.6246,euh avant_qu' elle soit prin- qu' elle soit
DVD_JS_1,1284.3948,1284.6309,<!> oui
DVD_JS_1,1284.9511,1285.2353,tous
DVD_JS_1,1285.4874,1287.8949,sauf le plus petit qui avait trois quatre ans euh
DVD_JS_1,1288.2241,1292.5851,quand l' histoire a commencé donc trois quatre ans tu fais pas les pensées d'un enfant de quatre ans quoi
DVD_JS_1,1293.2014,1296.6171,donc_euh tous il_y_a il_y_a ils_sont donc tu as rob
DVD_JS_1,1297.0911,1300.4454,euh * euh comment il s'a- jon
DVD_JS_1,1300.9692,1302.5541,euh ricon bran
DVD_JS_1,1303.0280,1304.6179,arya et euh sensa
DVD_JS_1,1305.4062,1306.4361,donc il sont six enfants
DVD_JS_1,1306.9599,1308.6016,sur les six enfants tu en suis cinq
DVD_JS_1,1309.1734,1310.2033,plus le père et la mère
DVD_JS_1,1310.6124,1312.2119,donc des stark déjà tu en suis sept
DVD_JS_1,1314.5057,1314.8229,non
DVD_JS_1,1315.0230,1318.8967,on dans dans le bouquin dans le bouquin c'est un un chapitre
DVD_JS_1,1319.2409,1319.7225,une personne
DVD_JS_1,1321.0927,1325.9467,et euh mais mais c'est pas toute son histoire tu vois c'est c'est imbriqué tout_ça mais c'est
DVD_JS_1,1327.2965,1330.4344,non + tu suis vachement bien enfin c'est super bien écrit tu vois j' ai
DVD_JS_1,1331.2036,1334.3375,la série la série tu suis super bien aussi ben la série du_coup
DVD_JS_1,1336.3313,1348.5914,c'est_vrai que au_départ euh moi je discuttais avec ma soeur alors moi j' ai commencé à lire le bouquin avant_de lire la série donc forcement chaque personnage je savais exactement qui c' était h ma soeur elle m' a dit que c'est_vrai que euh déjà dans la série tu as pas tous les noms qui sont donnés
DVD_JS_1,1349.0604,1352.3477,donc des fois je lui parlais d'une personne et elle me disait mais je vois pas du_tout qui c'est
DVD_JS_1,1352.7039,1357.0592,donc du_coup tu décris la personne et tout_ça elle me dit mais ah oui eux ils_ont pas lui il lui ont_pas donné le nom encore
DVD_JS_1,1357.4794,1360.3384,ah ben ouais forcément donc du_coup c'est un_peu plus galère dans la série à suivre
DVD_JS_1,1360.9072,1369.7889,mais globalement enfin les gens il_y arrivent très très_bien euh h enfin je pense_que la majorité des_gens qui voient qui te parlent de daenerys targaryen et tout_ça sur internet ils_ont pas lu le livre
DVD_JS_1,1370.7184,1372.4674,donc_euh tu vois ils suivent très_bien euh
DVD_JS_1,1373.1517,1376.1543,avec la le truc mais franchement franchement si tu peux
DVD_JS_1,1376.4424,1376.8890,lis le quoi
DVD_JS_1,1378.1662,1382.3916,ouais euh v- lis le regarde le regarde le regarde le au_moins regarde le ça se défend
DVD_JS_1,1384.6884,1384.9853,ouais
DVD_JS_1,1385.8824,1388.4158,l' esthétique du du de la série est super bonne
DVD_JS_1,1391.4024,1391.7105,non
DVD_JS_1,1393.1552,1394.7651,ouais ouais non mais tu as des trucs euh
DVD_JS_1,1395.5674,1397.7197,ouais mais l' ouverture de la série tu sais le tu as t-
DVD_JS_1,1398.0359,1405.0966,tu as toujours la musique de de base @ qu' est ce que je fais en linguistique @
DVD_JS_1,1412.5194,1413.7443,euh j' ai fais euh
DVD_JS_1,1414.4901,1420.9652,moi j' ai fait euh j' avais je f- je travaillais pour une radio euh à une époque et je faisais euh c' était une radio euh
DVD_JS_1,1421.6247,1423.0194,pour non mais c' était web radio
DVD_JS_1,1423.6630,1424.7177,qui s'appelle japan fm
DVD_JS_1,1425.1113,1428.4230,donc c' était sur la musique asiatique et du_coup j' avais euh une euh <!>
DVD_JS_1,1428.8919,1431.8025,j' avais une chronique qui était euh les les films asiatiques
DVD_JS_1,1432.6876,1439.8472,donc_euh tu vois c' était trop bien je m' éclatais tu vois chaque semaine je me regardais un film je me faisais la critique du film et tout ce qu' il_y avait de bien de pas bien
DVD_JS_1,1440.4208,1441.0507,c'est génial quoi
DVD_JS_1,1442.9566,1443.2527,oui
DVD_JS_1,1444.3196,1445.4000,on peut faire la chronique du labo
DVD_JS_1,1446.0018,1447.2392,@
DVD_JS_1,1447.5161,1447.7531,oui
DVD_JS_1,1450.2078,1450.4449,mh mh
DVD_JS_1,1453.5223,1453.6420,ouais
DVD_JS_1,1459.6638,1460.5215,ouais tu as vu
DVD_JS_1,1468.2502,1468.8521,ah ça serait énorme
DVD_JS_1,1470.8656,1474.2955,au ser- au service de l' humanité @
DVD_JS_1,1475.3374,1479.1365,ouais ouais non mais carrément + ben rien que tu as tu vois avec lie to me pour euh
DVD_JS_1,1479.5774,1481.6000,pour les mimiques faciales et les trucs comme ça euh
DVD_JS_1,1485.8654,1488.8569,non euh ben c'est quand_même bo- basé sur les travaux de paul ekman hein
DVD_JS_1,1489.7728,1494.0606,paul ekman c'est les mimiques faciales et euh et donc c'est euh du non verbal
DVD_JS_1,1499.0776,1501.6930,oui non mais après ça div- oui oui après ça divague
DVD_JS_1,1502.0291,1503.8820,mais la la base de la base euh
DVD_JS_1,1505.6847,1507.9153,<!> euh alors cal lightman dans la série
DVD_JS_1,1523.3156,1523.4614,ben
DVD_JS_1,1523.8027,1524.1708,oui
DVD_JS_1,1528.5658,1538.3994,oui mais parce_qu' en_fait à la base il parle des il part des travaux de paul ekman qui eux sont euh basés sur les six les six mimiques faciales de des émotions et qui elles sont universelles
DVD_JS_1,1539.1428,1540.3342,prouvé scientifiquement
DVD_JS_1,1541.5453,1541.9312,alors
DVD_JS_1,1542.4502,1549.1858,la manière dont il a mené ses trucs il a fait euh donc il a montré il a pris des photos de gens h il a montré à tout_le_monde et il a demandé aux gens enfin à beaucoup_de gens
DVD_JS_1,1549.5736,1551.7434,de dire ouais euh que- quelle émotion c'est
DVD_JS_1,1552.2822,1557.5223,et donc il a eu euh il a eu des résultats très très concrèts très très probants et tout_ça
DVD_JS_1,1557.9309,1562.2955,et donc qui lui faisaient dire que c' était universel mais les gens ils_ont dit ok c'est sympa mais avec la mondialisation
DVD_JS_1,1562.6550,1567.7571,maintenant tout_le_monde a touj- a vu un_peu de tout et tout_ça h donc on peut ça peut ne_pas être euh
DVD_JS_1,1568.0933,1573.2626,euh enfin tu vois ça a pu être assimilé tout_ça machin et donc pas être vraiment universel mais quelque_chose d'être quelque_chose d' appris
DVD_JS_1,1573.4971,1573.7952,par_exemple
DVD_JS_1,1574.5605,1578.6264,et à ce moment là il_y_a eu il_y_a eu un village euh je crois que c'est en papouasie
DVD_JS_1,1579.0172,1583.9285,qui à été découvert tu vois dans encore un v- un village qui avait pas été touché euh par l' homme et tout_ça na na na
DVD_JS_1,1584.3929,1588.5471,donc du_coup il est allé faire le déplacement et il leur a fait faire le test et ils_ont eu euh
DVD_JS_1,1589.0661,1592.2571,et ils_ont eu euh j' avais compris
DVD_JS_1,1592.8401,1594.3251,et ils et ils_ont eu les mêmes résultats
DVD_JS_1,1594.8316,1599.3164,c'est prouvé + que les six les six mimiques faciales d' ekman c'est vraiment universel
DVD_JS_1,1600.1616,1604.2257,euh c'est le la colère la joie euh le dégoût
DVD_JS_1,1605.3289,1607.0587,euh colère joie dégoût
DVD_JS_1,1607.7172,1610.7894,euh
DVD_JS_1,1612.0966,1613.9213,@
DVD_JS_1,1614.3304,1616.1004,ouais je te fais la joie là je suis heureuse
DVD_JS_1,1616.8534,1617.1791,voilà
DVD_JS_1,1626.2206,1628.0112,oui mais ça c'est pas ça fait pas partie des s-
DVD_JS_1,1628.3316,1636.7723,ça fait pas partie des six mimiques de de parce_que il en il_y en a que six là je sais plus ce que c'est exactement le les trucs h mais tu as la peur aussi
DVD_JS_1,1637.6398,1638.4369,h oui mais non
DVD_JS_1,1638.8824,1643.6902,parce_que tu as tu as le sourire euh tu as plusieurs sourires tu as le sourire vraiment de joie
DVD_JS_1,1644.1982,1657.3131,tu as le sourire de poli- de joie ouais c'est le même hein @ donc tu as le sourire de joie mais tu as aussi celui de politesse
DVD_JS_1,1658.0651,1661.0319,euh tu as euh
DVD_JS_1,1661.7724,1663.0854,ouais tu as tu as plein_de trucs
DVD_JS_1,1663.7679,1670.1987,non mais lui il a pas ca- catégorisé ça lui il parle quand le quand il parle de la joie il parle de voilà de de l' expression de la joie h c'est quand
DVD_JS_1,1672.3278,1677.4476,euh je pense_que ça doit se trouver dans plusieurs travaux mais tu tu cherches tu cherches ekman
DVD_JS_1,1678.3257,1678.7670,c'est attend c'-
DVD_JS_1,1679.6032,1681.8139,c'est ekman mille neuf cent que-
DVD_JS_1,1683.2706,1685.7794,je les ai les les trucs je peux te les filer j-
DVD_JS_1,1686.0737,1691.9574,je peux te les filer non mais c'est pas c'est pas vraiment mon domaine mais h il se trouve que je vais peut_être regarder pour mon ma thèse les euh
DVD_JS_1,1692.5514,1694.0317,les mimiques donc_euh du_coup euh
DVD_JS_1,1696.4445,1696.8043,je pense
DVD_JS_1,1697.0674,1697.5571,je sais pas
DVD_JS_1,1697.8191,1700.7637,je sais pas trop je les connais pas trop les travaux de ekman euh
DVD_JS_1,1701.7864,1702.8755,c'est c'est domage mais
DVD_JS_1,1708.6831,1716.3376,après attend j' ai regardé que la première sai- non moi la première saison il v- il faisait juste détection de mensonges sur euh les mimiques faciales ah je m' en rappelle plus
DVD_JS_1,1721.5752,1722.8288,* non mais après ça part en vrille
DVD_JS_1,1723.1929,1726.2025,la série elle part en vrille elle est basée sur un truc qui est vrai mais euh
DVD_JS_1,1728.2352,1734.4113,c'est euh j' ai vu la saison deux où ils se retrouvent enfermés je sais pas où machin tu dit mais qu' est-ce_que c'est qu' est-ce_que c'est que ce truc
DVD_JS_1,1735.8128,1736.1984,enfin bref
DVD_JS_1,1736.9415,1737.1526,moi s-
DVD_JS_1,1738.5453,1741.0531,ouais
DVD_JS_1,1741.3374,1742.9581,on a divagué vagué
DVD_JS_1,1745.6017,1746.2366,deux chacune
DVD_JS_1,1749.1518,1750.9083,<!> bon_ben ok ben du_coup moi je veux bien ça
DVD_JS_1,1757.8842,1760.7002,attends ça je veux bien regarder la c'est quoi le truc catherine
DVD_JS_1,1761.2690,1765.4801,et son demi ah mais si mais si c'est_ça h en français c'est sex intention ce film
DVD_JS_1,1766.5119,1767.7316,et c'est et c'est le et c'est le
DVD_JS_1,1768.2266,1770.9661,et c'est et c'est le et c'est le c- et c'est le comment s'appelle
DVD_JS_1,1771.5698,1775.9842,le f- le fake remake de euh les s- les liaisons dangereuses h
DVD_JS_1,1782.2776,1782.5876,ouais
DVD_JS_1,1783.5554,1787.2257,putain sanctuary @
DVD_JS_1,1788.8941,1789.6919,@
DVD_JS_1,1795.4061,1802.3645,@ ah je suis tarée de stargate j- j' adore ouais ouais ouais
DVD_JS_1,1804.8236,1805.1140,ouais
DVD_JS_1,1805.8684,1806.1376,ouais
DVD_JS_1,1806.8000,1810.6343,c'est ce qui m' a fait regarder sanctuary c' était parce_qu' il_y avait startage hein sinon j' aurai jamais regardé
DVD_JS_1,1818.3365,1818.6057,ah ouais
DVD_JS_1,1822.4251,1827.0623,ben en_fait pour moi tu sais comment tu sais ce que je me suis dit en regardant ça en regardant sanctuary
DVD_JS_1,1827.4129,1833.6806,c'est que finalement elle est passée dans un autre monde tu vois c'est une samantha carter d'un autre monde mais c'est samantha carter quoi c'est tu vois c'est
DVD_JS_1,1834.3575,1835.7041,ça peut_pas être euh
DVD_JS_1,1837.9331,1838.8821,ah @
DVD_JS_1,1844.1111,1849.3020,h carrément @
DVD_JS_1,1850.8782,1852.3561,@
DVD_JS_1,1852.8476,1854.5592,d' attrition linguistique
DVD_JS_1,1855.6299,1855.9345,non
DVD_JS_1,1856.5443,1857.3371,je sais pas ce que c'est
DVD_JS_1,1859.8643,1860.6179,ah oui si si
DVD_JS_1,1862.3996,1863.1656,bienvenue au club
DVD_JS_1,1864.6576,1867.9740,mais moi moi je crois que j' ai jamais vraiment pu m' exprimer correctement mais euh
DVD_JS_1,1868.5558,1873.7557,mais c'est_vrai que j' ai beaucoup_de mots la dernière fois je j' expliquais un truc et euh donc c' était la communication en face to face
DVD_JS_1,1874.3635,1877.5017,@ j-
DVD_JS_1,1877.7589,1880.6129,voilà voilà @
DVD_JS_1,1895.6573,1895.9773,h.
DVD_JS_1,1898.5321,1898.7547,mh
DVD_JS_1,1903.1902,1905.3589,mh parce_que tu as du mal à choisir en_fait entre_les_deux trucs
DVD_JS_1,1910.8537,1911.0672,mh
DVD_JS_1,1921.3154,1921.5594,mh
DVD_JS_1,1926.8776,1927.3525,carrément ouais
DVD_JS_1,1931.0843,1933.5130,@
DVD_JS_1,1936.3558,1936.6399,ouais
DVD_JS_1,1938.0568,1939.3881,@
DVD_JS_1,1941.0960,1941.7602,ouais non mais
DVD_JS_1,1942.1673,1950.2736,il_y avait des euh quand j' étais à taïwan il_y avait des mots qu' on utilisait et on s'était pas rendu compte que #enfin pour moi il me semble hein que c'est pas un mot français
DVD_JS_1,1951.9598,1952.3997,un
DVD_JS_1,1952.8291,1953.3577,c'est un trou
DVD_JS_1,1954.3703,1954.6275,tu vois
DVD_JS_1,1955.0034,1963.6351,et du_coup en_fait à_un_moment_donné j' ai écrit un truc à mes grands parents qui parlent pas un mot en en anglais je sais qu' ils parlent pas un mot d' anglais donc je fais attention tu vois à pas faire de h de truc tu vois et machin
DVD_JS_1,1964.0591,1969.4423,et je leur ai quand_même marqué euh ouais il_y_a un des cultures et truc comme ça et euh mes grands parents qui m' ont dit ouais
DVD_JS_1,1972.4618,1976.8670,voilà comment tu dis ton truc quoi enfin c'est beaucoup_plus parlant un des cultures quoi
DVD_JS_1,1977.5143,1980.2539,enfin bref ouais il va peut_être falloir arrêter à_un_moment_donné euh non
DVD_JS_1,1980.8807,1981.7096,il t' a fait
DVD_JS_1,1981.9199,1983.1914,ben ça veut dire que les t- s' il t' a fait ç-
DVD_JS_1,1985.8490,1989.0919,oui non mais justement il t' a fait les cinq minutes donc la justement les cinq minutes elles ont dû passer
DVD_JS_1,1992.1481,1994.4628,je sais pas oui non normalement é- on sort que comme on veut
DVD_JS_1,1994.9766,1995.2966,normalement
DVD_JS_1,1995.6209,1998.9158,il a dit vous euh vous donc vous du_coup vous arrêtez machin
DVD_JS_1,1999.2958,2000.5649,vous posez les trucs et vous sortez
DVD_JS_1,2003.0096,2005.6599,ben je sais pas si on peut les choisir avant ou après ben je sais pas oui
DVD_JS_1,2005.9143,2006.5530,j- je sais pas
DVD_JS_1,2006.8866,2007.2237,moi non_plus
DVD_JS_1,2009.2503,2011.9701,@ t' es dégueulasse non je le v- celui là je veux le voir
DVD_JS_1,2014.8455,2016.8050,ouais ben vas y télécharge moi je télécharge pas
DVD_JS_1,2019.1320,2019.3186,ouais
DVD_JS_1,2019.8508,2021.8401,je télécharge rien # je fais télécharger aux autres
DVD_JS_1,2022.6882,2028.9394,@ et ouais je me fais prêter les films qui ont_été téléchargés par d'autres gens
DVD_JS_1,2029.6299,2030.6701,@
DVD_JS_1,2042.8872,2046.0051,ben moi en_fait ça ça ça dépend si les mecs ils_sont indépendants
DVD_JS_1,2046.5688,2048.6993,j' achète parce_que ça_va directement dans les poches des mecs
DVD_JS_1,2049.9202,2055.3778,par_contre si si ils_sont endorsés et que tu es voilà mu- ils_sont produits machin et tout euh
DVD_JS_1,2056.1325,2057.7628,si ils_sont auto- autoproduits
DVD_JS_1,2058.1917,2063.0402,c'est euh ils_ont pas de producteurs pour s' engraisser pour presser les disques et s' engraisser dans leur truc tu vois
DVD_JS_1,2064.2581,2065.1316,donc_euh
DVD_JS_1,2065.4884,2066.4269,je pense_que je vais faire ça
DVD_JS_1,2067.6196,2067.6741,<!>
DVD_JS_1,2067.9285,2068.1348,voilà
DVD_JS_1,2073.0985,2073.9231,donc voilà ça c'est fait
DVD_JS_1,2074.7911,2082.3136,bon on va s' arrêter parce_que sinon il va avoir trente heures de corpus au_lieu_de trente minutes @
DVD_JS_1,2082.6245,2083.5743,allez [let s go]
DVD_JS_1,2086.8408,2088.3793,fin
